member_id,join_date,role,weekly_contrib_xaf,penalty_paid_count,borrowed_total_xaf,repaid_total_xaf,group_id,district,on_time_rate_m1,missed_count_m1,on_time_rate_m2,missed_count_m2,on_time_rate_m3,missed_count_m3,on_time_rate_m4,missed_count_m4,on_time_rate_m5,missed_count_m5,on_time_rate_m6,missed_count_m6,on_time_rate_m7,missed_count_m7,on_time_rate_m8,missed_count_m8,on_time_rate_m9,missed_count_m9,on_time_rate_m10,missed_count_m10,on_time_rate_m11,missed_count_m11,on_time_rate_m12,missed_count_m12
1,2021-12-12,secretary,6320.0,3,0.0,0.0,G32,Kicukiro,1.0,0,1.0,0,0.75,1,0.75,1,0.5,2,0.75,1,1.0,0,0.75,1,1.0,0,1.0,0,1.0,0,1.0,0
2,2023-02-08,secretary,12520.0,5,152900.0,52850.0,G39,Rwamagana,0.5,2,0.75,1,0.75,1,0.75,1,0.75,1,0.5,2,0.5,2,0.5,2,1.0,0,0.25,3,0.75,1,1.0,0
3,2023-05-05,treasurer,6860.0,1,88660.0,39670.0,G32,Kicukiro,1.0,0,1.0,0,1.0,0,1.0,0,1.0,0,0.75,1,1.0,0,1.0,0,1.0,0,1.0,0,1.0,0,0.75,1
4,2022-01-30,secretary,6700.0,2,93770.0,84090.0,G04,Rubavu,1.0,0,0.75,1,0.75,1,1.0,0,1.0,0,1.0,0,1.0,0,1.0,0,1.0,0,0.25,3,1.0,0,1.0,0
5,2020-10-18,secretary,5290.0,0,50070.0,49570.0,G30,Rwamagana,0.75,1,1.0,0,1.0,0,1.0,0,1.0,0,1.0,0,1.0,0,1.0,0,1.0,0,1.0,0,1.0,0,1.0,0
6,2019-05-18,secretary,9910.0,0,0.0,0.0,G37,Gasabo,1.0,0,1.0,0,0.75,1,1.0,0,1.0,0,1.0,0,1.0,0,1.0,0,1.0,0,1.0,0,1.0,0,1.0,0
7,2026-02-18,secretary,11540.0,0,0.0,0.0,G23,Huye,1.0,0,1.0,0,1.0,0,1.0,0,1.0,0,0.75,1,1.0,0,1.0,0,0.75,1,1.0,0,1.0,0,1.0,0
8,2023-06-09,treasurer,10150.0,3,0.0,0.0,G39,Rwamagana,1.0,0,0.25,3,0.75,1,0.75,1,0.75,1,0.5,2,0.75,1,0.75,1,0.25,3,0.5,2,0.25,3,0.5,2
9,2025-08-22,secretary,9300.0,3,0.0,0.0,G15,Musanze,0.5,2,1.0,0,1.0,0,1.0,0,1.0,0,1.0,0,1.0,0,1.0,0,0.75,1,1.0,0,0.5,2,1.0,0
10,2022-09-28,secretary,2600.0,0,0.0,0.0,G29,Gasabo,1.0,0,1.0,0,1.0,0,1.0,0,1.0,0,1.0,0,1.0,0,1.0,0,1.0,0,1.0,0,1.0,0,1.0,0
11,2024-03-06,secretary,8960.0,0,0.0,0.0,G36,Musanze,0.75,1,0.75,1,1.0,0,1.0,0,1.0,0,1.0,0,1.0,0,1.0,0,0.75,1,1.0,0,1.0,0,1.0,0
12,2023-02-19,secretary,8210.0,0,0.0,0.0,G13,Gasabo,1.0,0,1.0,0,1.0,0,0.75,1,1.0,0,1.0,0,1.0,0,1.0,0,1.0,0,1.0,0,1.0,0,1.0,0
13,2021-04-03,member,6970.0,1,0.0,0.0,G32,Kicukiro,1.0,0,1.0,0,1.0,0,1.0,0,1.0,0,1.0,0,1.0,0,0.75,1,1.0,0,1.0,0,1.0,0,1.0,0
14,2016-08-05,secretary,7370.0,3,223000.0,178130.0,G07,Musanze,0.75,1,0.5,2,0.75,1,0.75,1,1.0,0,1.0,0,1.0,0,1.0,0,1.0,0,1.0,0,1.0,0,1.0,0
15,2023-11-11,secretary,1510.0,0,71930.0,13410.0,G22,Nyarugenge,1.0,0,1.0,0,1.0,0,1.0,0,1.0,0,1.0,0,1.0,0,1.0,0,1.0,0,1.0,0,0.5,2,1.0,0
16,2023-12-28,secretary,7690.0,4,0.0,0.0,G28,Gasabo,0.75,1,1.0,0,0.75,1,1.0,0,0.75,1,0.5,2,0.75,1,0.75,1,1.0,0,1.0,0,1.0,0,1.0,0
17,2025-08-07,secretary,2980.0,1,0.0,0.0,G02,Rubavu,1.0,0,1.0,0,0.75,1,1.0,0,1.0,0,1.0,0,0.75,1,0.75,1,1.0,0,1.0,0,1.0,0,1.0,0
18,2026-03-29,secretary,5930.0,0,0.0,0.0,G06,Musanze,0.5,2,1.0,0,1.0,0,0.5,2,1.0,0,0.75,1,1.0,0,1.0,0,1.0,0,1.0,0,0.75,1,1.0,0
19,2023-02-11,treasurer,6940.0,3,0.0,0.0,G28,Gasabo,1.0,0,0.5,2,0.5,2,1.0,0,1.0,0,0.5,2,1.0,0,1.0,0,1.0,0,0.75,1,1.0,0,0.75,1
20,2025-05-21,member,9330.0,1,0.0,0.0,G28,Gasabo,1.0,0,0.75,1,1.0,0,0.75,1,1.0,0,1.0,0,1.0,0,1.0,0,0.75,1,1.0,0,1.0,0,0.5,2
21,2021-09-09,secretary,4680.0,4,0.0,0.0,G20,Huye,1.0,0,1.0,0,0.75,1,0.75,1,1.0,0,0.75,1,0.5,2,0.75,1,0.75,1,1.0,0,0.5,2,0.75,1
22,2026-04-10,treasurer,5200.0,1,0.0,0.0,G30,Rwamagana,1.0,0,0.75,1,1.0,0,1.0,0,0.75,1,1.0,0,1.0,0,1.0,0,1.0,0,0.75,1,0.75,1,1.0,0
23,2024-02-20,secretary,4380.0,0,0.0,0.0,G11,Gasabo,1.0,0,1.0,0,1.0,0,1.0,0,1.0,0,0.75,1,1.0,0,1.0,0,1.0,0,1.0,0,1.0,0,1.0,0
24,2023-12-09,member,8060.0,0,196030.0,86990.0,G28,Gasabo,1.0,0,0.75,1,1.0,0,1.0,0,1.0,0,1.0,0,1.0,0,1.0,0,1.0,0,1.0,0,1.0,0,1.0,0
25,2022-10-27,secretary,8150.0,2,0.0,0.0,G25,Rubavu,1.0,0,1.0,0,1.0,0,1.0,0,1.0,0,1.0,0,1.0,0,0.75,1,1.0,0,1.0,0,1.0,0,0.75,1
26,2025-07-04,member,10380.0,3,0.0,0.0,G39,Rwamagana,1.0,0,1.0,0,1.0,0,0.75,1,1.0,0,0.75,1,1.0,0,1.0,0,1.0,0,0.75,1,0.75,1,1.0,0
27,2023-05-15,secretary,6970.0,0,158270.0,33560.0,G33,Nyarugenge,1.0,0,1.0,0,1.0,0,1.0,0,1.0,0,1.0,0,1.0,0,1.0,0,1.0,0,1.0,0,1.0,0,1.0,0
28,2022-01-21,secretary,1070.0,5,0.0,0.0,G01,Rwamagana,0.5,2,0.75,1,0.75,1,0.75,1,0.75,1,0.5,2,1.0,0,0.75,1,1.0,0,0.75,1,0.25,3,1.0,0
29,2017-09-19,secretary,2940.0,4,0.0,0.0,G27,Rubavu,1.0,0,1.0,0,0.75,1,1.0,0,0.75,1,0.75,1,1.0,0,0.5,2,0.75,1,0.75,1,0.5,2,1.0,0
30,2025-12-20,treasurer,8780.0,0,0.0,0.0,G13,Gasabo,1.0,0,1.0,0,1.0,0,1.0,0,1.0,0,1.0,0,1.0,0,1.0,0,1.0,0,1.0,0,1.0,0,1.0,0
31,2025-08-06,secretary,5110.0,1,59110.0,36620.0,G03,Rwamagana,1.0,0,1.0,0,1.0,0,1.0,0,0.75,1,1.0,0,0.75,1,1.0,0,1.0,0,1.0,0,1.0,0,1.0,0
32,2024-06-12,member,10420.0,0,0.0,0.0,G39,Rwamagana,0.75,1,0.75,1,1.0,0,1.0,0,1.0,0,1.0,0,1.0,0,1.0,0,1.0,0,1.0,0,1.0,0,1.0,0
33,2020-09-22,treasurer,8300.0,0,0.0,0.0,G06,Musanze,1.0,0,1.0,0,1.0,0,1.0,0,1.0,0,1.0,0,1.0,0,0.75,1,1.0,0,1.0,0,1.0,0,1.0,0
34,2021-04-28,secretary,4420.0,1,0.0,0.0,G08,Musanze,0.75,1,1.0,0,1.0,0,1.0,0,1.0,0,1.0,0,1.0,0,1.0,0,1.0,0,0.75,1,1.0,0,1.0,0
35,2018-08-30,treasurer,2470.0,2,0.0,0.0,G27,Rubavu,0.75,1,1.0,0,0.75,1,1.0,0,1.0,0,1.0,0,1.0,0,1.0,0,1.0,0,0.75,1,0.75,1,1.0,0
36,2022-09-23,secretary,8050.0,0,0.0,0.0,G09,Rubavu,1.0,0,1.0,0,0.75,1,1.0,0,1.0,0,0.75,1,1.0,0,1.0,0,1.0,0,1.0,0,1.0,0,1.0,0
37,2018-09-28,treasurer,9120.0,0,496130.0,409330.0,G37,Gasabo,0.75,1,1.0,0,1.0,0,1.0,0,1.0,0,1.0,0,1.0,0,1.0,0,1.0,0,1.0,0,1.0,0,0.75,1
38,2021-10-16,treasurer,5860.0,2,95330.0,49390.0,G33,Nyarugenge,1.0,0,1.0,0,1.0,0,1.0,0,0.25,3,0.75,1,1.0,0,0.75,1,0.75,1,1.0,0,1.0,0,1.0,0
39,2022-03-26,secretary,7740.0,0,103340.0,50390.0,G24,Huye,1.0,0,1.0,0,1.0,0,1.0,0,1.0,0,1.0,0,1.0,0,1.0,0,1.0,0,1.0,0,0.75,1,1.0,0
40,2021-10-28,treasurer,4290.0,2,72610.0,29900.0,G15,Musanze,1.0,0,0.5,2,1.0,0,1.0,0,0.75,1,1.0,0,0.75,1,1.0,0,0.75,1,0.75,1,1.0,0,1.0,0
41,2024-01-21,member,8320.0,1,132640.0,105160.0,G32,Kicukiro,1.0,0,1.0,0,1.0,0,1.0,0,1.0,0,1.0,0,0.5,2,0.75,1,1.0,0,1.0,0,0.75,1,0.5,2
42,2023-12-05,member,8190.0,1,198630.0,107420.0,G32,Kicukiro,0.75,1,1.0,0,1.0,0,0.75,1,1.0,0,0.75,1,0.5,2,1.0,0,0.75,1,1.0,0,0.75,1,0.5,2
43,2024-02-19,treasurer,7260.0,0,0.0,0.0,G24,Huye,1.0,0,1.0,0,1.0,0,1.0,0,1.0,0,1.0,0,1.0,0,0.75,1,1.0,0,1.0,0,1.0,0,1.0,0
44,2020-04-01,secretary,6360.0,0,0.0,0.0,G12,Rwamagana,1.0,0,1.0,0,1.0,0,1.0,0,1.0,0,1.0,0,1.0,0,1.0,0,1.0,0,1.0,0,1.0,0,1.0,0
45,2023-03-09,member,8940.0,1,0.0,0.0,G39,Rwamagana,1.0,0,1.0,0,1.0,0,1.0,0,1.0,0,1.0,0,0.75,1,1.0,0,1.0,0,1.0,0,1.0,0,1.0,0
46,2024-10-25,treasurer,6830.0,1,102330.0,62500.0,G02,Rubavu,1.0,0,1.0,0,0.75,1,1.0,0,1.0,0,0.75,1,1.0,0,1.0,0,1.0,0,1.0,0,1.0,0,1.0,0
47,2023-01-23,treasurer,4270.0,0,202510.0,23180.0,G03,Rwamagana,1.0,0,0.5,2,1.0,0,1.0,0,0.75,1,1.0,0,1.0,0,1.0,0,1.0,0,1.0,0,0.75,1,1.0,0
48,2023-06-11,member,9770.0,0,0.0,0.0,G37,Gasabo,1.0,0,0.75,1,1.0,0,1.0,0,1.0,0,1.0,0,0.75,1,0.75,1,1.0,0,1.0,0,1.0,0,1.0,0
49,2018-09-02,secretary,2620.0,3,0.0,0.0,G17,Huye,0.75,1,0.75,1,1.0,0,0.5,2,0.5,2,1.0,0,1.0,0,0.75,1,0.75,1,1.0,0,0.75,1,1.0,0
50,2021-12-27,member,5830.0,1,154460.0,85530.0,G02,Rubavu,1.0,0,0.75,1,1.0,0,1.0,0,0.75,1,1.0,0,1.0,0,1.0,0,0.5,2,0.75,1,0.75,1,1.0,0
51,2023-02-26,member,7700.0,3,0.0,0.0,G02,Rubavu,0.75,1,1.0,0,1.0,0,1.0,0,1.0,0,0.25,3,0.75,1,0.75,1,1.0,0,1.0,0,0.75,1,0.75,1
52,2025-06-15,member,8900.0,2,176180.0,89930.0,G28,Gasabo,1.0,0,0.75,1,1.0,0,1.0,0,1.0,0,1.0,0,0.5,2,1.0,0,1.0,0,0.5,2,0.75,1,1.0,0
53,2023-10-26,treasurer,11470.0,2,0.0,0.0,G23,Huye,0.75,1,1.0,0,0.75,1,0.75,1,1.0,0,1.0,0,0.75,1,1.0,0,0.75,1,0.75,1,0.5,2,1.0,0
54,2018-03-09,member,8880.0,2,0.0,0.0,G37,Gasabo,1.0,0,0.75,1,1.0,0,1.0,0,1.0,0,1.0,0,1.0,0,0.5,2,1.0,0,1.0,0,0.75,1,1.0,0
55,2021-05-23,member,6570.0,1,223200.0,153340.0,G32,Kicukiro,1.0,0,0.75,1,1.0,0,1.0,0,0.75,1,1.0,0,0.75,1,1.0,0,1.0,0,1.0,0,0.75,1,0.5,2
56,2022-12-10,member,4240.0,0,0.0,0.0,G33,Nyarugenge,1.0,0,1.0,0,1.0,0,1.0,0,1.0,0,1.0,0,1.0,0,1.0,0,1.0,0,0.75,1,1.0,0,1.0,0
57,2024-06-18,treasurer,1210.0,1,0.0,0.0,G01,Rwamagana,1.0,0,0.75,1,1.0,0,1.0,0,1.0,0,1.0,0,1.0,0,1.0,0,1.0,0,1.0,0,1.0,0,0.75,1
58,2020-09-04,secretary,1680.0,2,42150.0,32930.0,G19,Nyarugenge,1.0,0,1.0,0,0.75,1,1.0,0,0.75,1,1.0,0,1.0,0,1.0,0,0.75,1,1.0,0,0.5,2,1.0,0
59,2020-12-17,member,5300.0,0,107690.0,90850.0,G02,Rubavu,1.0,0,1.0,0,1.0,0,1.0,0,1.0,0,1.0,0,1.0,0,1.0,0,1.0,0,1.0,0,1.0,0,1.0,0
60,2023-06-06,secretary,5010.0,3,0.0,0.0,G26,Nyarugenge,1.0,0,1.0,0,0.75,1,1.0,0,1.0,0,0.75,1,1.0,0,0.75,1,1.0,0,1.0,0,1.0,0,0.75,1
61,2024-03-27,member,6370.0,1,0.0,0.0,G32,Kicukiro,1.0,0,1.0,0,1.0,0,0.75,1,1.0,0,1.0,0,1.0,0,1.0,0,1.0,0,1.0,0,1.0,0,0.75,1
62,2020-09-23,member,9260.0,0,276960.0,15130.0,G06,Musanze,1.0,0,1.0,0,1.0,0,1.0,0,1.0,0,1.0,0,1.0,0,1.0,0,0.75,1,1.0,0,1.0,0,1.0,0
63,2024-11-09,member,3940.0,2,0.0,0.0,G32,Kicukiro,1.0,0,1.0,0,1.0,0,1.0,0,1.0,0,0.75,1,1.0,0,1.0,0,0.75,1,1.0,0,1.0,0,1.0,0
64,2025-05-29,treasurer,9870.0,0,519140.0,447830.0,G04,Rubavu,0.75,1,0.75,1,1.0,0,1.0,0,0.75,1,1.0,0,1.0,0,1.0,0,1.0,0,1.0,0,1.0,0,1.0,0
65,2023-03-17,treasurer,4080.0,1,0.0,0.0,G11,Gasabo,1.0,0,0.75,1,1.0,0,0.75,1,0.5,2,1.0,0,1.0,0,1.0,0,1.0,0,0.75,1,1.0,0,1.0,0
66,2019-05-21,treasurer,3290.0,2,0.0,0.0,G17,Huye,1.0,0,1.0,0,0.5,2,1.0,0,0.5,2,0.75,1,0.75,1,1.0,0,1.0,0,1.0,0,1.0,0,0.75,1
67,2024-02-25,secretary,1540.0,2,40250.0,17450.0,G38,Gasabo,1.0,0,1.0,0,1.0,0,0.75,1,1.0,0,1.0,0,1.0,0,1.0,0,1.0,0,0.75,1,1.0,0,1.0,0
68,2022-01-08,member,7170.0,1,0.0,0.0,G24,Huye,0.75,1,1.0,0,1.0,0,0.75,1,1.0,0,1.0,0,1.0,0,1.0,0,0.75,1,0.75,1,0.75,1,1.0,0
69,2023-10-13,secretary,1300.0,1,0.0,0.0,G05,Rubavu,1.0,0,0.5,2,0.75,1,0.75,1,0.75,1,1.0,0,1.0,0,0.75,1,1.0,0,1.0,0,1.0,0,0.5,2
70,2023-04-10,secretary,2920.0,0,0.0,0.0,G34,Gasabo,1.0,0,1.0,0,1.0,0,1.0,0,1.0,0,1.0,0,0.5,2,1.0,0,0.5,2,1.0,0,1.0,0,1.0,0
71,2017-03-19,member,7640.0,0,0.0,0.0,G06,Musanze,1.0,0,1.0,0,1.0,0,1.0,0,1.0,0,1.0,0,1.0,0,1.0,0,1.0,0,1.0,0,1.0,0,1.0,0
72,2023-06-16,treasurer,1300.0,2,0.0,0.0,G22,Nyarugenge,1.0,0,1.0,0,1.0,0,1.0,0,1.0,0,1.0,0,0.75,1,1.0,0,0.75,1,1.0,0,0.75,1,0.75,1
73,2026-02-02,member,3910.0,4,111720.0,61270.0,G11,Gasabo,0.75,1,0.25,3,1.0,0,1.0,0,0.25,3,0.75,1,1.0,0,1.0,0,0.75,1,0.75,1,1.0,0,1.0,0
74,2021-03-02,secretary,1400.0,4,14680.0,10220.0,G16,Musanze,0.75,1,1.0,0,1.0,0,0.5,2,0.75,1,0.5,2,0.75,1,1.0,0,0.75,1,1.0,0,1.0,0,0.75,1
75,2022-05-23,member,7840.0,1,0.0,0.0,G33,Nyarugenge,1.0,0,1.0,0,1.0,0,1.0,0,1.0,0,0.75,1,1.0,0,1.0,0,1.0,0,1.0,0,1.0,0,1.0,0
76,2024-11-12,treasurer,8710.0,6,0.0,0.0,G09,Rubavu,0.5,2,0.25,3,1.0,0,1.0,0,1.0,0,0.75,1,0.75,1,1.0,0,0.75,1,0.75,1,0.75,1,0.25,3
77,2022-06-15,member,5940.0,0,0.0,0.0,G06,Musanze,1.0,0,1.0,0,1.0,0,1.0,0,1.0,0,1.0,0,1.0,0,1.0,0,1.0,0,1.0,0,1.0,0,0.75,1
78,2021-08-05,treasurer,1570.0,7,0.0,0.0,G16,Musanze,1.0,0,0.5,2,0.75,1,1.0,0,1.0,0,0.75,1,0.75,1,0.5,2,1.0,0,0.75,1,0.5,2,0.75,1
79,2023-11-14,treasurer,2660.0,0,0.0,0.0,G29,Gasabo,1.0,0,1.0,0,1.0,0,1.0,0,1.0,0,1.0,0,1.0,0,1.0,0,1.0,0,0.75,1,1.0,0,0.75,1
80,2024-10-04,member,5180.0,0,125070.0,72450.0,G03,Rwamagana,1.0,0,1.0,0,1.0,0,1.0,0,1.0,0,1.0,0,1.0,0,1.0,0,1.0,0,0.75,1,1.0,0,1.0,0
81,2020-06-22,treasurer,3530.0,3,53300.0,46410.0,G20,Huye,1.0,0,1.0,0,1.0,0,0.75,1,0.5,2,1.0,0,0.75,1,1.0,0,0.75,1,1.0,0,0.5,2,0.5,2
82,2020-11-24,treasurer,9350.0,4,203690.0,89250.0,G36,Musanze,0.5,2,1.0,0,1.0,0,0.75,1,1.0,0,1.0,0,1.0,0,0.25,3,0.75,1,1.0,0,0.75,1,0.75,1
83,2020-04-09,treasurer,1400.0,1,0.0,0.0,G19,Nyarugenge,1.0,0,1.0,0,1.0,0,1.0,0,1.0,0,1.0,0,0.75,1,1.0,0,1.0,0,1.0,0,1.0,0,1.0,0
84,2024-05-05,treasurer,5520.0,1,0.0,0.0,G26,Nyarugenge,0.75,1,1.0,0,1.0,0,0.5,2,1.0,0,1.0,0,1.0,0,1.0,0,0.75,1,1.0,0,1.0,0,0.75,1
85,2025-05-31,member,5500.0,1,174640.0,144350.0,G03,Rwamagana,1.0,0,1.0,0,1.0,0,1.0,0,1.0,0,1.0,0,1.0,0,1.0,0,1.0,0,0.75,1,0.75,1,0.75,1
86,2022-04-11,member,1490.0,3,0.0,0.0,G19,Nyarugenge,1.0,0,0.75,1,1.0,0,1.0,0,0.75,1,0.5,2,1.0,0,1.0,0,1.0,0,0.75,1,1.0,0,0.75,1
87,2020-07-24,member,5090.0,0,0.0,0.0,G20,Huye,1.0,0,1.0,0,1.0,0,1.0,0,1.0,0,1.0,0,1.0,0,0.75,1,1.0,0,1.0,0,0.75,1,1.0,0
88,2022-10-18,member,7500.0,0,171380.0,144760.0,G32,Kicukiro,1.0,0,1.0,0,1.0,0,1.0,0,1.0,0,1.0,0,1.0,0,1.0,0,1.0,0,1.0,0,0.75,1,1.0,0
89,2024-08-25,treasurer,8220.0,0,0.0,0.0,G07,Musanze,1.0,0,1.0,0,1.0,0,1.0,0,1.0,0,0.75,1,1.0,0,1.0,0,1.0,0,1.0,0,1.0,0,1.0,0
90,2023-09-05,member,6490.0,0,0.0,0.0,G33,Nyarugenge,0.75,1,1.0,0,1.0,0,1.0,0,1.0,0,1.0,0,1.0,0,1.0,0,1.0,0,1.0,0,0.75,1,1.0,0
91,2020-08-14,secretary,3960.0,1,0.0,0.0,G40,Rwamagana,1.0,0,1.0,0,1.0,0,1.0,0,1.0,0,1.0,0,1.0,0,1.0,0,0.75,1,1.0,0,1.0,0,1.0,0
92,2025-10-15,member,7980.0,1,0.0,0.0,G39,Rwamagana,0.75,1,1.0,0,1.0,0,1.0,0,0.75,1,1.0,0,1.0,0,1.0,0,1.0,0,1.0,0,1.0,0,1.0,0
93,2022-04-01,secretary,3300.0,1,0.0,0.0,G18,Nyarugenge,0.5,2,1.0,0,1.0,0,0.5,2,0.5,2,1.0,0,1.0,0,1.0,0,0.75,1,0.75,1,0.75,1,0.5,2
94,2023-09-25,treasurer,5640.0,3,0.0,0.0,G40,Rwamagana,1.0,0,0.5,2,0.5,2,0.5,2,0.5,2,0.25,3,0.75,1,0.75,1,0.5,2,0.75,1,0.75,1,0.75,1
95,2025-11-26,member,1200.0,1,0.0,0.0,G01,Rwamagana,1.0,0,1.0,0,1.0,0,0.75,1,1.0,0,1.0,0,1.0,0,1.0,0,1.0,0,0.75,1,1.0,0,1.0,0
96,2019-06-07,member,4260.0,1,0.0,0.0,G11,Gasabo,1.0,0,1.0,0,1.0,0,1.0,0,0.75,1,1.0,0,1.0,0,1.0,0,1.0,0,1.0,0,1.0,0,1.0,0
97,2024-02-16,member,9570.0,0,0.0,0.0,G28,Gasabo,1.0,0,0.75,1,1.0,0,1.0,0,1.0,0,1.0,0,1.0,0,1.0,0,1.0,0,1.0,0,0.75,1,1.0,0
98,2020-03-09,treasurer,9650.0,0,0.0,0.0,G25,Rubavu,1.0,0,1.0,0,1.0,0,1.0,0,1.0,0,1.0,0,1.0,0,1.0,0,1.0,0,0.75,1,1.0,0,1.0,0
99,2024-01-19,member,9120.0,1,0.0,0.0,G23,Huye,1.0,0,1.0,0,1.0,0,0.75,1,1.0,0,1.0,0,1.0,0,0.5,2,1.0,0,0.5,2,1.0,0,1.0,0
100,2026-03-04,secretary,1000.0,3,0.0,0.0,G31,Gasabo,1.0,0,1.0,0,1.0,0,0.75,1,0.75,1,1.0,0,0.5,2,1.0,0,0.75,1,1.0,0,1.0,0,1.0,0
101,2021-06-21,member,7130.0,2,0.0,0.0,G30,Rwamagana,1.0,0,1.0,0,1.0,0,1.0,0,1.0,0,1.0,0,0.75,1,1.0,0,0.5,2,1.0,0,1.0,0,1.0,0
102,2024-04-16,secretary,9670.0,2,0.0,0.0,G35,Rwamagana,1.0,0,1.0,0,1.0,0,1.0,0,1.0,0,1.0,0,0.75,1,1.0,0,0.5,2,1.0,0,0.75,1,1.0,0
103,2024-12-04,member,6970.0,2,0.0,0.0,G07,Musanze,0.75,1,1.0,0,0.75,1,1.0,0,1.0,0,1.0,0,0.75,1,1.0,0,0.75,1,0.75,1,1.0,0,0.75,1
104,2023-10-18,member,940.0,0,0.0,0.0,G16,Musanze,1.0,0,1.0,0,1.0,0,1.0,0,1.0,0,1.0,0,1.0,0,1.0,0,1.0,0,1.0,0,1.0,0,1.0,0
105,2024-07-16,member,4750.0,1,0.0,0.0,G26,Nyarugenge,0.75,1,1.0,0,1.0,0,1.0,0,1.0,0,1.0,0,1.0,0,1.0,0,1.0,0,0.75,1,0.5,2,1.0,0
106,2020-09-24,member,7170.0,2,0.0,0.0,G02,Rubavu,1.0,0,1.0,0,0.75,1,1.0,0,1.0,0,0.5,2,1.0,0,0.75,1,0.5,2,0.75,1,0.75,1,1.0,0
107,2023-03-06,member,1430.0,1,56010.0,17480.0,G01,Rwamagana,1.0,0,0.75,1,1.0,0,1.0,0,1.0,0,1.0,0,1.0,0,1.0,0,0.75,1,1.0,0,0.75,1,1.0,0
108,2022-05-03,treasurer,6220.0,3,166890.0,116330.0,G12,Rwamagana,0.5,2,1.0,0,0.75,1,1.0,0,1.0,0,0.75,1,1.0,0,1.0,0,1.0,0,0.75,1,0.75,1,0.75,1
109,2026-03-14,treasurer,1450.0,2,0.0,0.0,G05,Rubavu,1.0,0,0.75,1,1.0,0,1.0,0,1.0,0,0.5,2,1.0,0,1.0,0,1.0,0,1.0,0,1.0,0,0.75,1
110,2018-07-19,member,7880.0,1,182480.0,6490.0,G37,Gasabo,0.75,1,1.0,0,0.5,2,1.0,0,1.0,0,1.0,0,1.0,0,1.0,0,1.0,0,1.0,0,1.0,0,1.0,0
111,2021-05-27,member,6290.0,1,53330.0,46710.0,G32,Kicukiro,0.75,1,1.0,0,0.5,2,1.0,0,0.5,2,1.0,0,1.0,0,1.0,0,1.0,0,1.0,0,1.0,0,1.0,0
112,2018-11-13,member,7480.0,1,71180.0,22090.0,G09,Rubavu,1.0,0,1.0,0,1.0,0,1.0,0,0.5,2,1.0,0,0.75,1,0.75,1,0.75,1,1.0,0,1.0,0,1.0,0
113,2019-08-08,treasurer,11560.0,2,0.0,0.0,G35,Rwamagana,1.0,0,1.0,0,1.0,0,1.0,0,1.0,0,0.75,1,1.0,0,1.0,0,0.75,1,0.75,1,0.75,1,1.0,0
114,2025-05-03,member,1300.0,0,16200.0,4980.0,G19,Nyarugenge,1.0,0,1.0,0,1.0,0,0.75,1,0.75,1,1.0,0,1.0,0,1.0,0,1.0,0,1.0,0,1.0,0,1.0,0
115,2019-09-22,member,1270.0,2,0.0,0.0,G16,Musanze,1.0,0,1.0,0,0.75,1,0.75,1,1.0,0,1.0,0,1.0,0,1.0,0,0.5,2,1.0,0,1.0,0,0.75,1
116,2025-08-04,member,5220.0,4,123680.0,120.0,G03,Rwamagana,0.5,2,1.0,0,0.75,1,0.75,1,0.75,1,0.75,1,1.0,0,0.75,1,1.0,0,1.0,0,0.5,2,1.0,0
117,2025-01-26,member,4830.0,3,97650.0,54660.0,G20,Huye,0.75,1,0.5,2,1.0,0,1.0,0,1.0,0,1.0,0,1.0,0,0.75,1,0.75,1,1.0,0,1.0,0,1.0,0
118,2019-07-17,member,6690.0,3,50030.0,21830.0,G24,Huye,1.0,0,1.0,0,1.0,0,1.0,0,1.0,0,0.75,1,0.75,1,1.0,0,0.75,1,0.75,1,0.75,1,1.0,0
119,2024-04-10,member,5920.0,3,120520.0,101720.0,G33,Nyarugenge,0.75,1,0.5,2,0.75,1,0.25,3,0.5,2,0.75,1,0.75,1,0.75,1,1.0,0,0.5,2,0.75,1,0.5,2
120,2022-03-31,member,6340.0,1,109110.0,105150.0,G24,Huye,1.0,0,1.0,0,1.0,0,1.0,0,0.75,1,1.0,0,1.0,0,1.0,0,1.0,0,1.0,0,1.0,0,1.0,0
121,2024-12-18,member,4890.0,0,142180.0,60500.0,G11,Gasabo,1.0,0,1.0,0,1.0,0,1.0,0,1.0,0,1.0,0,1.0,0,1.0,0,1.0,0,1.0,0,1.0,0,1.0,0
122,2024-07-01,treasurer,3480.0,1,0.0,0.0,G08,Musanze,1.0,0,1.0,0,0.75,1,0.75,1,1.0,0,0.75,1,0.75,1,0.75,1,1.0,0,1.0,0,1.0,0,0.5,2
123,2021-04-12,member,9800.0,1,0.0,0.0,G36,Musanze,1.0,0,1.0,0,1.0,0,1.0,0,1.0,0,1.0,0,1.0,0,1.0,0,0.75,1,1.0,0,1.0,0,1.0,0
124,2025-09-15,treasurer,1550.0,2,29020.0,4820.0,G38,Gasabo,1.0,0,0.75,1,1.0,0,1.0,0,1.0,0,1.0,0,0.75,1,0.75,1,1.0,0,0.75,1,1.0,0,1.0,0
125,2017-03-13,member,6020.0,2,0.0,0.0,G40,Rwamagana,1.0,0,0.5,2,1.0,0,1.0,0,1.0,0,1.0,0,1.0,0,1.0,0,0.75,1,1.0,0,0.5,2,1.0,0
126,2025-10-14,member,4500.0,1,0.0,0.0,G20,Huye,1.0,0,1.0,0,1.0,0,1.0,0,1.0,0,1.0,0,0.75,1,1.0,0,1.0,0,1.0,0,0.75,1,0.5,2
127,2018-12-13,member,7820.0,2,0.0,0.0,G35,Rwamagana,0.75,1,1.0,0,1.0,0,1.0,0,1.0,0,1.0,0,1.0,0,0.75,1,1.0,0,1.0,0,1.0,0,1.0,0
128,2024-10-19,member,9350.0,4,0.0,0.0,G25,Rubavu,1.0,0,0.5,2,0.5,2,1.0,0,0.75,1,1.0,0,1.0,0,1.0,0,1.0,0,1.0,0,1.0,0,0.75,1
129,2026-02-19,member,10580.0,2,0.0,0.0,G35,Rwamagana,0.75,1,1.0,0,1.0,0,1.0,0,0.75,1,0.75,1,1.0,0,1.0,0,1.0,0,1.0,0,0.5,2,0.75,1
130,2025-05-21,member,9090.0,1,0.0,0.0,G25,Rubavu,1.0,0,1.0,0,1.0,0,1.0,0,1.0,0,1.0,0,0.75,1,0.75,1,1.0,0,1.0,0,1.0,0,1.0,0
131,2024-04-08,member,2590.0,1,90190.0,14730.0,G29,Gasabo,1.0,0,1.0,0,1.0,0,1.0,0,0.75,1,0.75,1,0.75,1,0.75,1,0.75,1,0.75,1,1.0,0,1.0,0
132,2024-07-15,treasurer,4870.0,1,165260.0,135820.0,G18,Nyarugenge,0.75,1,1.0,0,1.0,0,1.0,0,1.0,0,0.75,1,0.75,1,1.0,0,1.0,0,0.75,1,1.0,0,0.75,1
133,2023-06-15,member,5330.0,2,0.0,0.0,G18,Nyarugenge,0.75,1,0.75,1,1.0,0,0.5,2,1.0,0,1.0,0,0.75,1,1.0,0,0.75,1,1.0,0,0.75,1,1.0,0
134,2022-10-15,member,4570.0,0,0.0,0.0,G02,Rubavu,0.75,1,1.0,0,1.0,0,1.0,0,1.0,0,0.75,1,1.0,0,1.0,0,1.0,0,1.0,0,1.0,0,1.0,0
135,2018-11-25,member,11060.0,0,230310.0,210700.0,G35,Rwamagana,1.0,0,1.0,0,0.75,1,1.0,0,1.0,0,1.0,0,0.75,1,0.75,1,1.0,0,1.0,0,1.0,0,1.0,0
136,2021-12-29,member,970.0,1,0.0,0.0,G16,Musanze,1.0,0,0.75,1,1.0,0,1.0,0,1.0,0,1.0,0,1.0,0,1.0,0,1.0,0,1.0,0,0.5,2,0.75,1
137,2024-05-25,member,8560.0,3,0.0,0.0,G36,Musanze,1.0,0,1.0,0,1.0,0,1.0,0,1.0,0,0.75,1,0.75,1,0.5,2,0.25,3,0.75,1,1.0,0,1.0,0
138,2022-05-07,member,6770.0,4,0.0,0.0,G33,Nyarugenge,0.75,1,1.0,0,0.5,2,1.0,0,0.75,1,0.75,1,1.0,0,0.75,1,1.0,0,1.0,0,0.5,2,0.0,4
139,2023-11-10,member,8070.0,2,0.0,0.0,G04,Rubavu,1.0,0,1.0,0,1.0,0,0.75,1,1.0,0,1.0,0,1.0,0,0.75,1,0.5,2,0.5,2,1.0,0,1.0,0
140,2021-01-11,member,5300.0,2,106470.0,86580.0,G33,Nyarugenge,0.75,1,0.75,1,1.0,0,1.0,0,0.75,1,1.0,0,0.5,2,1.0,0,1.0,0,1.0,0,0.75,1,0.75,1
141,2020-06-24,secretary,2480.0,1,0.0,0.0,G14,Nyarugenge,0.75,1,1.0,0,1.0,0,1.0,0,1.0,0,1.0,0,0.75,1,1.0,0,1.0,0,1.0,0,1.0,0,1.0,0
142,2024-07-07,secretary,7650.0,1,0.0,0.0,G21,Rubavu,0.75,1,1.0,0,0.75,1,1.0,0,1.0,0,1.0,0,1.0,0,1.0,0,1.0,0,0.75,1,1.0,0,0.75,1
143,2021-07-09,member,3900.0,2,0.0,0.0,G20,Huye,1.0,0,1.0,0,1.0,0,1.0,0,1.0,0,1.0,0,0.75,1,1.0,0,1.0,0,1.0,0,1.0,0,0.75,1
144,2024-04-26,member,5280.0,2,303810.0,27180.0,G08,Musanze,1.0,0,0.75,1,1.0,0,1.0,0,0.75,1,1.0,0,0.75,1,0.75,1,0.75,1,1.0,0,0.5,2,0.75,1
145,2016-10-23,member,9020.0,2,0.0,0.0,G07,Musanze,0.75,1,1.0,0,0.75,1,1.0,0,0.75,1,0.5,2,1.0,0,1.0,0,0.75,1,0.75,1,1.0,0,0.5,2
146,2024-07-16,member,4950.0,2,0.0,0.0,G03,Rwamagana,0.75,1,1.0,0,1.0,0,0.75,1,1.0,0,0.5,2,1.0,0,1.0,0,1.0,0,0.75,1,1.0,0,1.0,0
147,2025-02-27,member,3620.0,1,145560.0,16540.0,G17,Huye,1.0,0,1.0,0,1.0,0,1.0,0,1.0,0,1.0,0,1.0,0,1.0,0,1.0,0,1.0,0,1.0,0,0.5,2
148,2025-04-27,member,7270.0,3,77810.0,38050.0,G33,Nyarugenge,0.75,1,1.0,0,0.75,1,0.75,1,1.0,0,0.75,1,1.0,0,1.0,0,0.75,1,0.75,1,1.0,0,0.5,2
149,2023-03-08,member,5260.0,0,135460.0,9820.0,G12,Rwamagana,1.0,0,1.0,0,0.75,1,1.0,0,1.0,0,0.75,1,1.0,0,1.0,0,1.0,0,0.75,1,0.75,1,1.0,0
150,2023-09-10,member,1320.0,4,0.0,0.0,G22,Nyarugenge,1.0,0,1.0,0,1.0,0,1.0,0,1.0,0,0.75,1,0.75,1,0.75,1,1.0,0,0.75,1,0.75,1,0.5,2
151,2023-04-20,member,1590.0,2,0.0,0.0,G22,Nyarugenge,0.75,1,0.75,1,1.0,0,1.0,0,1.0,0,1.0,0,1.0,0,1.0,0,0.5,2,0.75,1,1.0,0,1.0,0
152,2023-05-13,member,5830.0,2,0.0,0.0,G30,Rwamagana,0.75,1,1.0,0,1.0,0,1.0,0,0.75,1,1.0,0,0.75,1,1.0,0,1.0,0,1.0,0,1.0,0,0.75,1
153,2022-05-17,member,1630.0,1,0.0,0.0,G38,Gasabo,0.75,1,1.0,0,0.75,1,0.75,1,1.0,0,1.0,0,1.0,0,1.0,0,1.0,0,1.0,0,0.75,1,0.75,1
154,2025-08-03,member,1340.0,2,0.0,0.0,G38,Gasabo,1.0,0,1.0,0,0.75,1,1.0,0,1.0,0,1.0,0,1.0,0,0.75,1,1.0,0,0.5,2,0.75,1,1.0,0
155,2024-07-05,member,5280.0,1,0.0,0.0,G08,Musanze,0.75,1,1.0,0,1.0,0,0.5,2,1.0,0,1.0,0,0.75,1,0.75,1,1.0,0,0.75,1,0.75,1,1.0,0
156,2015-01-04,member,2560.0,0,30940.0,16650.0,G27,Rubavu,1.0,0,1.0,0,1.0,0,0.75,1,1.0,0,0.75,1,0.75,1,1.0,0,1.0,0,1.0,0,1.0,0,0.75,1
157,2025-03-10,member,2830.0,0,0.0,0.0,G27,Rubavu,1.0,0,0.75,1,0.75,1,0.75,1,1.0,0,1.0,0,1.0,0,0.75,1,1.0,0,1.0,0,1.0,0,1.0,0
158,2023-10-05,treasurer,3680.0,4,0.0,0.0,G34,Gasabo,1.0,0,1.0,0,0.5,2,1.0,0,0.75,1,1.0,0,1.0,0,0.75,1,1.0,0,0.75,1,1.0,0,0.75,1
159,2024-04-24,treasurer,7510.0,0,0.0,0.0,G21,Rubavu,1.0,0,0.75,1,1.0,0,0.75,1,1.0,0,1.0,0,1.0,0,1.0,0,1.0,0,1.0,0,1.0,0,1.0,0
160,2017-05-02,member,5440.0,2,75540.0,28050.0,G30,Rwamagana,1.0,0,1.0,0,0.75,1,1.0,0,0.75,1,1.0,0,1.0,0,0.75,1,1.0,0,1.0,0,0.75,1,0.75,1
161,2021-12-14,member,7330.0,4,140700.0,121700.0,G33,Nyarugenge,0.5,2,0.75,1,0.75,1,1.0,0,0.75,1,0.75,1,0.5,2,0.75,1,0.75,1,0.5,2,1.0,0,0.5,2
162,2024-07-17,member,7270.0,1,0.0,0.0,G28,Gasabo,1.0,0,1.0,0,0.75,1,1.0,0,1.0,0,1.0,0,1.0,0,1.0,0,1.0,0,1.0,0,1.0,0,1.0,0
163,2023-08-14,member,7300.0,0,134930.0,80430.0,G33,Nyarugenge,1.0,0,1.0,0,1.0,0,1.0,0,1.0,0,1.0,0,0.75,1,1.0,0,0.75,1,1.0,0,1.0,0,1.0,0
164,2024-01-14,member,1500.0,1,0.0,0.0,G05,Rubavu,1.0,0,1.0,0,1.0,0,1.0,0,0.5,2,0.5,2,1.0,0,1.0,0,1.0,0,0.5,2,1.0,0,1.0,0
165,2020-06-28,member,1410.0,0,25800.0,11980.0,G19,Nyarugenge,1.0,0,1.0,0,0.75,1,1.0,0,1.0,0,0.75,1,0.75,1,1.0,0,0.75,1,1.0,0,1.0,0,1.0,0
166,2022-01-18,member,10630.0,4,188510.0,84610.0,G04,Rubavu,1.0,0,0.75,1,1.0,0,1.0,0,1.0,0,1.0,0,0.75,1,1.0,0,0.5,2,1.0,0,1.0,0,0.75,1
167,2018-05-05,member,7640.0,2,0.0,0.0,G35,Rwamagana,1.0,0,1.0,0,1.0,0,1.0,0,0.75,1,1.0,0,1.0,0,0.75,1,1.0,0,1.0,0,1.0,0,1.0,0
168,2018-09-24,member,3500.0,1,71940.0,27290.0,G17,Huye,1.0,0,0.75,1,1.0,0,0.75,1,1.0,0,1.0,0,1.0,0,1.0,0,1.0,0,0.75,1,1.0,0,1.0,0
169,2026-02-10,member,8780.0,2,146110.0,79010.0,G28,Gasabo,1.0,0,1.0,0,1.0,0,1.0,0,1.0,0,1.0,0,0.75,1,0.75,1,0.75,1,1.0,0,1.0,0,0.75,1
170,2025-04-08,member,6710.0,4,216490.0,205000.0,G30,Rwamagana,0.75,1,0.75,1,1.0,0,1.0,0,0.75,1,0.75,1,1.0,0,0.75,1,1.0,0,0.5,2,0.75,1,1.0,0
171,2022-08-04,member,2230.0,0,0.0,0.0,G29,Gasabo,1.0,0,1.0,0,0.75,1,1.0,0,1.0,0,1.0,0,1.0,0,1.0,0,1.0,0,1.0,0,1.0,0,1.0,0
172,2025-01-23,member,7270.0,7,0.0,0.0,G06,Musanze,0.75,1,0.75,1,0.75,1,0.75,1,0.5,2,0.75,1,0.5,2,0.75,1,0.5,2,0.75,1,0.75,1,1.0,0
173,2019-02-21,member,12370.0,1,459800.0,384200.0,G35,Rwamagana,1.0,0,1.0,0,1.0,0,1.0,0,1.0,0,1.0,0,1.0,0,1.0,0,1.0,0,0.75,1,1.0,0,1.0,0
174,2019-03-09,member,6360.0,0,0.0,0.0,G37,Gasabo,1.0,0,1.0,0,1.0,0,0.75,1,1.0,0,0.75,1,1.0,0,1.0,0,1.0,0,1.0,0,1.0,0,1.0,0
175,2024-08-11,member,5090.0,1,0.0,0.0,G24,Huye,0.75,1,1.0,0,1.0,0,1.0,0,0.5,2,0.75,1,1.0,0,1.0,0,1.0,0,0.75,1,1.0,0,1.0,0
176,2026-01-16,member,2410.0,1,24180.0,6460.0,G29,Gasabo,1.0,0,1.0,0,1.0,0,1.0,0,1.0,0,1.0,0,1.0,0,1.0,0,0.75,1,1.0,0,1.0,0,1.0,0
177,2019-10-24,treasurer,730.0,3,0.0,0.0,G31,Gasabo,1.0,0,0.75,1,1.0,0,1.0,0,1.0,0,1.0,0,1.0,0,0.75,1,1.0,0,1.0,0,1.0,0,0.75,1
178,2021-07-06,member,10290.0,0,116960.0,114420.0,G35,Rwamagana,1.0,0,1.0,0,1.0,0,1.0,0,1.0,0,1.0,0,1.0,0,1.0,0,1.0,0,1.0,0,1.0,0,1.0,0
179,2025-06-28,member,6660.0,2,0.0,0.0,G33,Nyarugenge,1.0,0,1.0,0,0.75,1,1.0,0,1.0,0,0.75,1,1.0,0,1.0,0,1.0,0,0.75,1,1.0,0,1.0,0
180,2023-03-14,member,7780.0,2,0.0,0.0,G21,Rubavu,0.75,1,1.0,0,1.0,0,1.0,0,1.0,0,1.0,0,0.75,1,0.75,1,1.0,0,0.75,1,1.0,0,1.0,0
181,2022-10-21,member,6170.0,1,0.0,0.0,G32,Kicukiro,1.0,0,1.0,0,0.5,2,1.0,0,1.0,0,1.0,0,0.75,1,1.0,0,1.0,0,1.0,0,1.0,0,1.0,0
182,2025-04-17,member,12610.0,0,188420.0,25290.0,G23,Huye,1.0,0,1.0,0,1.0,0,1.0,0,1.0,0,1.0,0,1.0,0,1.0,0,1.0,0,1.0,0,1.0,0,1.0,0
183,2022-09-17,member,5320.0,5,0.0,0.0,G33,Nyarugenge,0.75,1,1.0,0,0.0,4,0.75,1,1.0,0,0.75,1,0.75,1,1.0,0,0.75,1,0.75,1,1.0,0,0.5,2
184,2024-08-26,member,4810.0,3,0.0,0.0,G03,Rwamagana,0.75,1,0.5,2,1.0,0,1.0,0,0.5,2,1.0,0,0.75,1,0.75,1,1.0,0,1.0,0,0.5,2,0.25,3
185,2021-05-24,member,4070.0,1,0.0,0.0,G18,Nyarugenge,1.0,0,0.75,1,1.0,0,1.0,0,1.0,0,0.75,1,1.0,0,1.0,0,1.0,0,1.0,0,0.75,1,0.5,2
186,2024-09-17,member,7930.0,4,215510.0,192830.0,G25,Rubavu,1.0,0,0.75,1,0.5,2,1.0,0,1.0,0,1.0,0,0.5,2,0.75,1,1.0,0,1.0,0,0.75,1,0.75,1
187,2023-05-10,member,990.0,1,0.0,0.0,G31,Gasabo,1.0,0,1.0,0,1.0,0,1.0,0,1.0,0,1.0,0,1.0,0,1.0,0,0.75,1,0.75,1,1.0,0,1.0,0
188,2025-09-23,member,5640.0,0,0.0,0.0,G03,Rwamagana,1.0,0,1.0,0,1.0,0,1.0,0,1.0,0,1.0,0,1.0,0,1.0,0,1.0,0,1.0,0,1.0,0,0.75,1
189,2025-10-22,member,6500.0,0,108490.0,39790.0,G40,Rwamagana,1.0,0,1.0,0,1.0,0,1.0,0,1.0,0,1.0,0,0.75,1,1.0,0,1.0,0,1.0,0,1.0,0,0.75,1
190,2022-11-03,member,6620.0,0,0.0,0.0,G24,Huye,1.0,0,1.0,0,0.75,1,1.0,0,1.0,0,1.0,0,1.0,0,1.0,0,1.0,0,1.0,0,1.0,0,1.0,0
191,2022-01-11,member,5480.0,0,115110.0,39360.0,G32,Kicukiro,0.75,1,0.75,1,1.0,0,1.0,0,0.75,1,1.0,0,0.75,1,1.0,0,1.0,0,1.0,0,1.0,0,1.0,0
192,2024-02-10,member,1650.0,0,0.0,0.0,G22,Nyarugenge,1.0,0,1.0,0,1.0,0,1.0,0,1.0,0,1.0,0,1.0,0,1.0,0,1.0,0,0.75,1,0.75,1,1.0,0
193,2023-12-16,member,10620.0,0,0.0,0.0,G23,Huye,1.0,0,1.0,0,1.0,0,0.75,1,0.75,1,1.0,0,1.0,0,1.0,0,1.0,0,1.0,0,1.0,0,1.0,0
194,2018-02-02,member,7190.0,2,0.0,0.0,G02,Rubavu,1.0,0,1.0,0,0.75,1,1.0,0,1.0,0,1.0,0,1.0,0,0.75,1,1.0,0,1.0,0,1.0,0,1.0,0
195,2020-10-01,member,2320.0,1,0.0,0.0,G27,Rubavu,1.0,0,1.0,0,1.0,0,0.75,1,1.0,0,0.75,1,0.75,1,0.75,1,1.0,0,1.0,0,1.0,0,1.0,0
196,2017-05-11,member,7260.0,2,0.0,0.0,G02,Rubavu,1.0,0,0.75,1,1.0,0,1.0,0,1.0,0,1.0,0,1.0,0,1.0,0,1.0,0,0.5,2,1.0,0,0.75,1
197,2025-07-02,member,5400.0,2,0.0,0.0,G26,Nyarugenge,0.75,1,0.75,1,1.0,0,1.0,0,1.0,0,1.0,0,1.0,0,1.0,0,1.0,0,1.0,0,0.75,1,1.0,0
198,2022-09-17,member,3060.0,1,61230.0,7800.0,G17,Huye,0.5,2,0.5,2,1.0,0,0.75,1,1.0,0,1.0,0,0.75,1,0.75,1,1.0,0,1.0,0,0.5,2,0.75,1
199,2020-11-30,member,6460.0,1,0.0,0.0,G40,Rwamagana,1.0,0,0.5,2,1.0,0,1.0,0,1.0,0,0.75,1,1.0,0,0.75,1,1.0,0,1.0,0,1.0,0,0.75,1
200,2026-01-03,member,6510.0,2,199380.0,121340.0,G33,Nyarugenge,0.5,2,0.5,2,0.75,1,0.75,1,0.75,1,0.75,1,0.75,1,0.75,1,1.0,0,1.0,0,1.0,0,1.0,0
201,2020-09-30,member,8200.0,0,0.0,0.0,G09,Rubavu,1.0,0,1.0,0,1.0,0,1.0,0,1.0,0,1.0,0,1.0,0,1.0,0,1.0,0,1.0,0,1.0,0,1.0,0
202,2023-01-12,member,9350.0,0,296780.0,51640.0,G39,Rwamagana,1.0,0,1.0,0,1.0,0,1.0,0,1.0,0,1.0,0,1.0,0,1.0,0,1.0,0,0.75,1,1.0,0,1.0,0
203,2022-08-09,member,1740.0,3,0.0,0.0,G29,Gasabo,1.0,0,1.0,0,0.75,1,0.75,1,0.75,1,1.0,0,0.75,1,1.0,0,0.5,2,0.75,1,0.75,1,1.0,0
204,2026-01-04,member,5710.0,1,155380.0,107710.0,G26,Nyarugenge,1.0,0,1.0,0,1.0,0,1.0,0,1.0,0,1.0,0,1.0,0,1.0,0,1.0,0,0.75,1,1.0,0,0.75,1
205,2018-01-01,member,9510.0,2,0.0,0.0,G35,Rwamagana,0.75,1,1.0,0,1.0,0,1.0,0,1.0,0,1.0,0,0.75,1,1.0,0,1.0,0,1.0,0,1.0,0,0.75,1
206,2020-12-12,member,9190.0,3,0.0,0.0,G25,Rubavu,1.0,0,0.5,2,0.75,1,0.5,2,0.75,1,0.5,2,1.0,0,1.0,0,1.0,0,1.0,0,1.0,0,1.0,0
207,2019-07-29,member,7190.0,3,0.0,0.0,G24,Huye,1.0,0,1.0,0,1.0,0,0.75,1,1.0,0,0.5,2,1.0,0,1.0,0,0.75,1,1.0,0,0.5,2,0.75,1
208,2023-02-18,member,9850.0,1,0.0,0.0,G13,Gasabo,1.0,0,1.0,0,0.75,1,1.0,0,1.0,0,1.0,0,1.0,0,1.0,0,1.0,0,1.0,0,0.75,1,1.0,0
209,2020-08-15,member,6510.0,1,62310.0,17570.0,G07,Musanze,1.0,0,1.0,0,1.0,0,1.0,0,0.75,1,1.0,0,1.0,0,1.0,0,0.75,1,1.0,0,0.5,2,1.0,0
210,2018-03-17,member,7030.0,0,219320.0,63150.0,G36,Musanze,1.0,0,1.0,0,1.0,0,1.0,0,0.75,1,1.0,0,1.0,0,0.5,2,1.0,0,1.0,0,1.0,0,0.75,1
211,2024-05-16,member,4460.0,2,0.0,0.0,G20,Huye,0.75,1,0.75,1,1.0,0,1.0,0,1.0,0,0.75,1,0.75,1,1.0,0,0.75,1,1.0,0,1.0,0,0.5,2
212,2024-01-10,member,1560.0,0,0.0,0.0,G01,Rwamagana,1.0,0,1.0,0,1.0,0,1.0,0,1.0,0,1.0,0,1.0,0,1.0,0,1.0,0,1.0,0,1.0,0,1.0,0
213,2022-05-15,member,4190.0,1,145800.0,138570.0,G08,Musanze,1.0,0,1.0,0,1.0,0,1.0,0,1.0,0,1.0,0,1.0,0,1.0,0,1.0,0,1.0,0,1.0,0,0.75,1
214,2025-04-05,member,1500.0,1,0.0,0.0,G16,Musanze,0.75,1,1.0,0,1.0,0,0.75,1,1.0,0,0.75,1,1.0,0,1.0,0,1.0,0,1.0,0,1.0,0,1.0,0
215,2019-08-24,treasurer,3900.0,0,0.0,0.0,G14,Nyarugenge,1.0,0,1.0,0,1.0,0,1.0,0,1.0,0,1.0,0,1.0,0,1.0,0,1.0,0,1.0,0,1.0,0,1.0,0
216,2022-08-03,member,8050.0,2,110840.0,50340.0,G12,Rwamagana,1.0,0,1.0,0,1.0,0,0.75,1,0.75,1,1.0,0,0.5,2,0.75,1,1.0,0,1.0,0,1.0,0,1.0,0
217,2023-07-25,member,11230.0,0,320410.0,84350.0,G23,Huye,1.0,0,1.0,0,1.0,0,1.0,0,1.0,0,1.0,0,1.0,0,1.0,0,1.0,0,1.0,0,1.0,0,1.0,0
218,2025-11-10,member,4600.0,1,169350.0,58640.0,G15,Musanze,0.75,1,1.0,0,1.0,0,0.75,1,1.0,0,1.0,0,1.0,0,1.0,0,1.0,0,0.25,3,1.0,0,0.75,1
219,2025-06-14,member,8110.0,1,0.0,0.0,G28,Gasabo,1.0,0,1.0,0,1.0,0,1.0,0,1.0,0,1.0,0,1.0,0,1.0,0,0.75,1,0.75,1,1.0,0,0.75,1
220,2025-01-08,member,3670.0,3,125770.0,34270.0,G34,Gasabo,1.0,0,1.0,0,0.75,1,1.0,0,0.75,1,0.75,1,1.0,0,1.0,0,1.0,0,1.0,0,1.0,0,0.75,1
221,2021-02-18,member,5970.0,5,0.0,0.0,G02,Rubavu,0.75,1,0.75,1,1.0,0,0.75,1,0.5,2,0.75,1,1.0,0,1.0,0,0.75,1,1.0,0,1.0,0,0.75,1
222,2025-01-09,member,5280.0,1,0.0,0.0,G32,Kicukiro,0.75,1,1.0,0,1.0,0,1.0,0,0.75,1,0.75,1,1.0,0,1.0,0,1.0,0,1.0,0,0.75,1,0.75,1
223,2024-09-24,member,10010.0,0,0.0,0.0,G23,Huye,1.0,0,1.0,0,1.0,0,1.0,0,1.0,0,1.0,0,1.0,0,1.0,0,1.0,0,1.0,0,1.0,0,1.0,0
224,2023-08-15,member,1510.0,1,0.0,0.0,G22,Nyarugenge,1.0,0,1.0,0,1.0,0,1.0,0,1.0,0,0.75,1,1.0,0,0.75,1,1.0,0,1.0,0,0.5,2,1.0,0
225,2019-10-21,member,8800.0,1,0.0,0.0,G25,Rubavu,1.0,0,1.0,0,0.75,1,0.75,1,1.0,0,0.75,1,1.0,0,0.5,2,1.0,0,0.75,1,1.0,0,1.0,0
226,2022-10-29,member,1630.0,0,23630.0,19170.0,G22,Nyarugenge,1.0,0,1.0,0,1.0,0,1.0,0,1.0,0,1.0,0,1.0,0,1.0,0,1.0,0,1.0,0,1.0,0,1.0,0
227,2025-09-01,member,1400.0,7,0.0,0.0,G22,Nyarugenge,1.0,0,0.25,3,0.5,2,0.5,2,1.0,0,0.75,1,0.75,1,1.0,0,0.5,2,0.75,1,0.75,1,1.0,0
228,2022-01-10,member,9350.0,0,143570.0,61640.0,G06,Musanze,1.0,0,1.0,0,1.0,0,1.0,0,1.0,0,1.0,0,1.0,0,1.0,0,1.0,0,1.0,0,1.0,0,1.0,0
229,2024-08-09,member,5790.0,1,134380.0,71510.0,G15,Musanze,1.0,0,0.75,1,1.0,0,0.75,1,1.0,0,0.75,1,1.0,0,1.0,0,0.75,1,1.0,0,1.0,0,1.0,0
230,2023-12-30,member,7530.0,1,0.0,0.0,G37,Gasabo,0.75,1,0.75,1,1.0,0,1.0,0,1.0,0,1.0,0,0.75,1,0.75,1,0.5,2,1.0,0,1.0,0,1.0,0
231,2024-12-21,member,6260.0,1,0.0,0.0,G33,Nyarugenge,1.0,0,1.0,0,1.0,0,1.0,0,1.0,0,1.0,0,0.75,1,1.0,0,1.0,0,0.75,1,1.0,0,0.75,1
232,2026-03-15,member,4740.0,2,265300.0,89590.0,G08,Musanze,1.0,0,0.75,1,1.0,0,1.0,0,1.0,0,0.75,1,1.0,0,0.75,1,1.0,0,1.0,0,0.5,2,1.0,0
233,2022-06-18,member,1380.0,3,0.0,0.0,G05,Rubavu,0.5,2,1.0,0,0.75,1,0.75,1,0.75,1,1.0,0,1.0,0,1.0,0,1.0,0,0.75,1,0.75,1,0.75,1
234,2025-11-12,member,11550.0,1,0.0,0.0,G39,Rwamagana,1.0,0,1.0,0,1.0,0,1.0,0,1.0,0,0.75,1,1.0,0,1.0,0,1.0,0,1.0,0,1.0,0,1.0,0
235,2025-07-23,member,7680.0,1,103220.0,90.0,G04,Rubavu,1.0,0,1.0,0,1.0,0,1.0,0,1.0,0,1.0,0,1.0,0,0.5,2,0.75,1,1.0,0,1.0,0,1.0,0
236,2017-09-03,member,8300.0,0,0.0,0.0,G06,Musanze,1.0,0,1.0,0,1.0,0,1.0,0,1.0,0,1.0,0,1.0,0,1.0,0,0.5,2,1.0,0,1.0,0,1.0,0
237,2021-07-08,member,6680.0,0,0.0,0.0,G32,Kicukiro,0.75,1,1.0,0,1.0,0,1.0,0,1.0,0,1.0,0,1.0,0,0.75,1,1.0,0,1.0,0,1.0,0,1.0,0
238,2023-11-07,member,4700.0,0,0.0,0.0,G30,Rwamagana,1.0,0,1.0,0,1.0,0,1.0,0,1.0,0,1.0,0,0.75,1,1.0,0,1.0,0,1.0,0,1.0,0,1.0,0
239,2022-10-10,member,9440.0,1,0.0,0.0,G35,Rwamagana,0.5,2,0.75,1,1.0,0,0.5,2,1.0,0,1.0,0,1.0,0,1.0,0,0.75,1,1.0,0,1.0,0,1.0,0
240,2018-11-10,member,6050.0,3,0.0,0.0,G40,Rwamagana,1.0,0,1.0,0,1.0,0,0.75,1,1.0,0,0.75,1,1.0,0,0.75,1,1.0,0,1.0,0,0.75,1,1.0,0
241,2021-03-26,member,1070.0,3,12790.0,500.0,G16,Musanze,0.75,1,1.0,0,1.0,0,1.0,0,1.0,0,0.75,1,0.75,1,1.0,0,1.0,0,1.0,0,0.75,1,0.75,1
242,2023-10-25,member,10370.0,1,245130.0,198320.0,G13,Gasabo,1.0,0,1.0,0,0.5,2,1.0,0,1.0,0,1.0,0,1.0,0,1.0,0,1.0,0,1.0,0,1.0,0,0.75,1
243,2020-03-27,member,7200.0,0,0.0,0.0,G30,Rwamagana,1.0,0,1.0,0,1.0,0,1.0,0,1.0,0,1.0,0,1.0,0,1.0,0,0.75,1,0.75,1,0.75,1,1.0,0
244,2024-07-24,member,1400.0,2,0.0,0.0,G19,Nyarugenge,0.75,1,1.0,0,0.5,2,1.0,0,0.75,1,1.0,0,0.5,2,0.75,1,1.0,0,1.0,0,0.75,1,1.0,0
245,2021-10-25,member,4300.0,1,137650.0,114010.0,G17,Huye,1.0,0,1.0,0,1.0,0,1.0,0,1.0,0,1.0,0,1.0,0,0.75,1,1.0,0,1.0,0,1.0,0,0.75,1
246,2021-03-11,member,1710.0,2,0.0,0.0,G19,Nyarugenge,1.0,0,1.0,0,1.0,0,1.0,0,0.75,1,1.0,0,1.0,0,0.5,2,1.0,0,0.75,1,1.0,0,1.0,0
247,2024-10-17,member,11340.0,1,0.0,0.0,G28,Gasabo,1.0,0,1.0,0,1.0,0,0.75,1,1.0,0,1.0,0,1.0,0,1.0,0,1.0,0,1.0,0,1.0,0,1.0,0
248,2023-10-13,member,5480.0,0,133490.0,81970.0,G26,Nyarugenge,0.75,1,1.0,0,1.0,0,1.0,0,1.0,0,1.0,0,0.75,1,1.0,0,1.0,0,1.0,0,1.0,0,1.0,0
249,2021-09-27,member,9880.0,1,0.0,0.0,G37,Gasabo,1.0,0,1.0,0,0.75,1,1.0,0,1.0,0,1.0,0,1.0,0,1.0,0,1.0,0,0.75,1,1.0,0,1.0,0
250,2024-12-19,member,4200.0,4,0.0,0.0,G26,Nyarugenge,1.0,0,0.5,2,0.75,1,1.0,0,0.75,1,1.0,0,1.0,0,1.0,0,0.75,1,1.0,0,1.0,0,0.75,1
251,2024-01-24,member,8210.0,0,0.0,0.0,G23,Huye,1.0,0,1.0,0,1.0,0,0.75,1,1.0,0,1.0,0,0.5,2,1.0,0,0.75,1,1.0,0,0.75,1,1.0,0
252,2018-04-14,member,9980.0,4,0.0,0.0,G09,Rubavu,1.0,0,1.0,0,1.0,0,1.0,0,0.75,1,0.75,1,0.5,2,0.5,2,1.0,0,1.0,0,0.5,2,0.75,1
253,2021-10-08,member,7750.0,0,162690.0,122710.0,G12,Rwamagana,1.0,0,1.0,0,1.0,0,1.0,0,0.75,1,1.0,0,1.0,0,1.0,0,1.0,0,1.0,0,1.0,0,1.0,0
254,2022-11-01,member,1430.0,3,0.0,0.0,G01,Rwamagana,0.25,3,1.0,0,1.0,0,1.0,0,0.75,1,1.0,0,0.75,1,1.0,0,0.75,1,0.75,1,0.75,1,1.0,0
255,2022-06-07,member,1070.0,0,0.0,0.0,G01,Rwamagana,1.0,0,1.0,0,1.0,0,1.0,0,1.0,0,1.0,0,0.75,1,1.0,0,1.0,0,1.0,0,0.75,1,1.0,0
256,2025-08-07,member,4120.0,2,0.0,0.0,G34,Gasabo,1.0,0,1.0,0,1.0,0,0.75,1,0.75,1,0.75,1,1.0,0,1.0,0,0.5,2,1.0,0,0.75,1,0.75,1
257,2021-02-15,member,7220.0,1,0.0,0.0,G32,Kicukiro,1.0,0,1.0,0,1.0,0,1.0,0,1.0,0,1.0,0,1.0,0,1.0,0,0.5,2,0.75,1,1.0,0,1.0,0
258,2019-10-17,member,8980.0,6,0.0,0.0,G25,Rubavu,0.75,1,0.75,1,1.0,0,1.0,0,1.0,0,0.75,1,0.75,1,1.0,0,0.5,2,1.0,0,0.5,2,1.0,0
259,2021-01-08,member,4100.0,5,0.0,0.0,G40,Rwamagana,0.75,1,0.75,1,0.75,1,1.0,0,0.5,2,0.75,1,0.5,2,1.0,0,0.75,1,0.5,2,0.25,3,0.75,1
260,2023-06-01,member,1210.0,0,0.0,0.0,G01,Rwamagana,1.0,0,0.75,1,1.0,0,1.0,0,1.0,0,1.0,0,0.75,1,0.75,1,0.75,1,1.0,0,1.0,0,1.0,0
261,2023-12-01,member,1280.0,7,21840.0,19830.0,G16,Musanze,0.75,1,0.75,1,0.5,2,1.0,0,0.5,2,0.75,1,0.75,1,1.0,0,0.75,1,0.5,2,0.5,2,1.0,0
262,2025-01-24,member,12700.0,0,549120.0,392020.0,G39,Rwamagana,1.0,0,1.0,0,1.0,0,1.0,0,0.75,1,1.0,0,1.0,0,1.0,0,1.0,0,1.0,0,1.0,0,1.0,0
263,2026-02-04,member,940.0,0,0.0,0.0,G05,Rubavu,1.0,0,1.0,0,1.0,0,1.0,0,1.0,0,1.0,0,1.0,0,1.0,0,1.0,0,1.0,0,1.0,0,1.0,0
264,2023-10-27,member,1480.0,4,28010.0,11260.0,G22,Nyarugenge,0.5,2,0.75,1,0.75,1,1.0,0,0.5,2,1.0,0,1.0,0,1.0,0,1.0,0,0.75,1,0.5,2,0.75,1
265,2025-05-30,member,2080.0,5,0.0,0.0,G29,Gasabo,1.0,0,0.75,1,0.5,2,0.5,2,1.0,0,0.5,2,0.5,2,0.25,3,0.75,1,1.0,0,1.0,0,1.0,0
266,2022-07-02,member,5000.0,1,0.0,0.0,G03,Rwamagana,1.0,0,0.75,1,0.75,1,1.0,0,0.75,1,1.0,0,0.75,1,1.0,0,1.0,0,1.0,0,1.0,0,0.5,2
267,2019-05-27,member,6100.0,0,0.0,0.0,G12,Rwamagana,1.0,0,0.75,1,0.75,1,0.75,1,1.0,0,0.75,1,0.75,1,0.75,1,1.0,0,1.0,0,1.0,0,1.0,0
268,2024-08-11,member,4290.0,1,0.0,0.0,G26,Nyarugenge,1.0,0,1.0,0,1.0,0,1.0,0,1.0,0,1.0,0,1.0,0,0.75,1,1.0,0,0.75,1,1.0,0,1.0,0
269,2017-01-14,member,1540.0,1,23190.0,18020.0,G16,Musanze,1.0,0,0.75,1,0.5,2,1.0,0,1.0,0,1.0,0,1.0,0,1.0,0,1.0,0,1.0,0,1.0,0,1.0,0
270,2023-08-23,member,8810.0,0,275490.0,55780.0,G37,Gasabo,1.0,0,1.0,0,1.0,0,1.0,0,1.0,0,1.0,0,1.0,0,1.0,0,1.0,0,1.0,0,1.0,0,1.0,0
271,2024-04-03,member,1640.0,1,52910.0,22740.0,G22,Nyarugenge,1.0,0,1.0,0,0.75,1,1.0,0,1.0,0,1.0,0,1.0,0,1.0,0,1.0,0,0.75,1,1.0,0,1.0,0
272,2025-11-14,member,2270.0,1,0.0,0.0,G29,Gasabo,1.0,0,1.0,0,1.0,0,0.75,1,1.0,0,1.0,0,0.75,1,1.0,0,0.5,2,1.0,0,1.0,0,1.0,0
273,2020-11-07,member,3230.0,0,55000.0,33670.0,G14,Nyarugenge,0.75,1,1.0,0,1.0,0,1.0,0,1.0,0,0.5,2,1.0,0,1.0,0,1.0,0,1.0,0,1.0,0,1.0,0
274,2024-10-19,member,9840.0,1,0.0,0.0,G28,Gasabo,0.75,1,1.0,0,1.0,0,1.0,0,1.0,0,0.75,1,1.0,0,1.0,0,1.0,0,1.0,0,1.0,0,0.75,1
275,2026-02-21,member,1400.0,0,0.0,0.0,G05,Rubavu,1.0,0,1.0,0,1.0,0,1.0,0,1.0,0,1.0,0,0.75,1,1.0,0,1.0,0,1.0,0,1.0,0,1.0,0
276,2019-08-20,member,5500.0,1,145570.0,86070.0,G30,Rwamagana,1.0,0,1.0,0,1.0,0,0.75,1,1.0,0,1.0,0,1.0,0,1.0,0,1.0,0,0.75,1,1.0,0,1.0,0
277,2023-08-13,member,1210.0,0,0.0,0.0,G05,Rubavu,1.0,0,1.0,0,0.75,1,1.0,0,0.75,1,1.0,0,1.0,0,1.0,0,1.0,0,1.0,0,0.75,1,1.0,0
278,2020-07-10,member,7430.0,1,0.0,0.0,G12,Rwamagana,1.0,0,1.0,0,0.25,3,1.0,0,1.0,0,0.75,1,0.75,1,0.75,1,1.0,0,1.0,0,1.0,0,1.0,0
279,2020-09-14,member,1150.0,1,23590.0,13430.0,G16,Musanze,1.0,0,1.0,0,0.75,1,1.0,0,1.0,0,1.0,0,0.75,1,1.0,0,1.0,0,0.75,1,1.0,0,1.0,0
280,2023-04-01,member,4990.0,2,0.0,0.0,G26,Nyarugenge,0.75,1,1.0,0,0.5,2,1.0,0,0.75,1,1.0,0,0.5,2,1.0,0,0.75,1,0.75,1,0.75,1,1.0,0
281,2025-06-18,member,5140.0,3,0.0,0.0,G26,Nyarugenge,1.0,0,1.0,0,1.0,0,0.75,1,0.5,2,0.25,3,0.75,1,0.25,3,1.0,0,0.75,1,0.75,1,0.75,1
282,2025-03-23,member,6850.0,0,0.0,0.0,G21,Rubavu,0.75,1,1.0,0,1.0,0,0.75,1,1.0,0,1.0,0,0.75,1,1.0,0,1.0,0,1.0,0,1.0,0,1.0,0
283,2023-04-05,member,9760.0,0,0.0,0.0,G39,Rwamagana,1.0,0,0.75,1,1.0,0,1.0,0,1.0,0,1.0,0,1.0,0,0.75,1,1.0,0,1.0,0,1.0,0,1.0,0
284,2022-05-03,member,6650.0,0,121220.0,115680.0,G36,Musanze,1.0,0,1.0,0,1.0,0,0.75,1,1.0,0,0.75,1,1.0,0,1.0,0,1.0,0,1.0,0,1.0,0,1.0,0
285,2021-06-27,member,7120.0,0,171460.0,67340.0,G33,Nyarugenge,1.0,0,1.0,0,1.0,0,1.0,0,1.0,0,1.0,0,1.0,0,1.0,0,1.0,0,1.0,0,1.0,0,1.0,0
286,2017-11-08,member,5560.0,5,0.0,0.0,G30,Rwamagana,0.75,1,0.75,1,1.0,0,0.75,1,0.5,2,0.5,2,1.0,0,0.5,2,0.75,1,1.0,0,1.0,0,0.75,1
287,2025-02-10,member,8040.0,1,0.0,0.0,G37,Gasabo,0.75,1,0.75,1,1.0,0,1.0,0,0.75,1,1.0,0,1.0,0,1.0,0,1.0,0,1.0,0,1.0,0,1.0,0
288,2025-02-20,member,9650.0,5,144730.0,90770.0,G23,Huye,0.75,1,0.75,1,0.75,1,0.5,2,0.75,1,1.0,0,1.0,0,0.5,2,1.0,0,1.0,0,1.0,0,0.75,1
289,2025-10-27,secretary,9780.0,0,0.0,0.0,G10,Musanze,1.0,0,1.0,0,1.0,0,1.0,0,1.0,0,1.0,0,1.0,0,1.0,0,1.0,0,1.0,0,1.0,0,1.0,0
290,2023-05-05,member,1400.0,1,0.0,0.0,G05,Rubavu,1.0,0,1.0,0,1.0,0,1.0,0,1.0,0,1.0,0,1.0,0,0.75,1,0.5,2,1.0,0,0.75,1,1.0,0
291,2017-12-20,member,8900.0,3,145640.0,94250.0,G36,Musanze,0.75,1,1.0,0,0.75,1,0.75,1,0.75,1,1.0,0,1.0,0,0.75,1,1.0,0,1.0,0,0.75,1,1.0,0
292,2025-04-27,member,3830.0,2,0.0,0.0,G34,Gasabo,1.0,0,1.0,0,1.0,0,1.0,0,0.5,2,0.75,1,1.0,0,1.0,0,1.0,0,0.5,2,0.75,1,1.0,0
293,2018-05-13,member,820.0,2,27600.0,22490.0,G31,Gasabo,0.75,1,1.0,0,1.0,0,1.0,0,1.0,0,0.75,1,1.0,0,0.75,1,1.0,0,0.75,1,1.0,0,1.0,0
294,2025-03-30,treasurer,9530.0,0,129090.0,84360.0,G10,Musanze,1.0,0,1.0,0,1.0,0,1.0,0,1.0,0,1.0,0,1.0,0,1.0,0,1.0,0,1.0,0,1.0,0,1.0,0
295,2021-07-31,member,1790.0,2,66480.0,49540.0,G19,Nyarugenge,1.0,0,1.0,0,1.0,0,0.25,3,1.0,0,1.0,0,0.75,1,1.0,0,1.0,0,1.0,0,1.0,0,0.75,1
296,2021-08-01,member,5500.0,6,0.0,0.0,G32,Kicukiro,0.75,1,0.75,1,1.0,0,0.5,2,1.0,0,1.0,0,0.75,1,0.5,2,1.0,0,0.75,1,0.5,2,0.75,1
297,2022-07-31,member,1270.0,2,0.0,0.0,G01,Rwamagana,1.0,0,1.0,0,1.0,0,1.0,0,0.75,1,0.75,1,1.0,0,0.75,1,0.75,1,1.0,0,1.0,0,1.0,0
298,2024-01-01,member,1180.0,4,0.0,0.0,G05,Rubavu,1.0,0,1.0,0,0.75,1,1.0,0,1.0,0,1.0,0,0.75,1,0.75,1,1.0,0,1.0,0,0.75,1,1.0,0
299,2023-06-08,member,8070.0,3,60870.0,41070.0,G04,Rubavu,1.0,0,0.75,1,0.75,1,0.75,1,0.75,1,0.5,2,1.0,0,0.75,1,0.5,2,1.0,0,1.0,0,0.75,1
300,2019-01-15,member,1510.0,2,28830.0,11190.0,G16,Musanze,1.0,0,1.0,0,0.75,1,1.0,0,1.0,0,1.0,0,0.75,1,0.75,1,1.0,0,1.0,0,1.0,0,1.0,0
301,2023-11-05,member,7490.0,3,0.0,0.0,G24,Huye,1.0,0,1.0,0,1.0,0,1.0,0,0.75,1,0.75,1,0.75,1,0.5,2,1.0,0,1.0,0,1.0,0,1.0,0
302,2021-03-10,member,1570.0,0,0.0,0.0,G16,Musanze,1.0,0,1.0,0,1.0,0,1.0,0,1.0,0,1.0,0,1.0,0,1.0,0,1.0,0,1.0,0,1.0,0,0.75,1
303,2017-09-04,member,6940.0,0,163210.0,131950.0,G02,Rubavu,1.0,0,1.0,0,0.5,2,1.0,0,1.0,0,1.0,0,1.0,0,0.75,1,1.0,0,1.0,0,1.0,0,1.0,0
304,2025-08-20,member,8450.0,1,0.0,0.0,G28,Gasabo,1.0,0,1.0,0,1.0,0,0.5,2,1.0,0,1.0,0,1.0,0,1.0,0,1.0,0,1.0,0,1.0,0,1.0,0
305,2021-09-12,member,6000.0,0,0.0,0.0,G32,Kicukiro,1.0,0,1.0,0,1.0,0,1.0,0,0.75,1,1.0,0,1.0,0,1.0,0,0.5,2,1.0,0,1.0,0,1.0,0
306,2022-02-17,member,3040.0,1,42190.0,16530.0,G27,Rubavu,1.0,0,1.0,0,1.0,0,1.0,0,0.75,1,0.75,1,1.0,0,1.0,0,1.0,0,1.0,0,1.0,0,1.0,0
307,2025-08-04,member,4100.0,0,0.0,0.0,G20,Huye,0.75,1,1.0,0,1.0,0,1.0,0,1.0,0,1.0,0,1.0,0,1.0,0,1.0,0,1.0,0,1.0,0,0.75,1
308,2023-12-19,member,6420.0,2,0.0,0.0,G24,Huye,1.0,0,1.0,0,1.0,0,1.0,0,0.75,1,0.5,2,1.0,0,0.75,1,1.0,0,1.0,0,1.0,0,1.0,0
309,2022-10-23,member,6540.0,1,0.0,0.0,G12,Rwamagana,1.0,0,0.75,1,1.0,0,1.0,0,0.75,1,1.0,0,1.0,0,1.0,0,0.75,1,1.0,0,1.0,0,1.0,0
310,2025-11-23,member,11230.0,2,0.0,0.0,G35,Rwamagana,1.0,0,1.0,0,1.0,0,0.75,1,1.0,0,1.0,0,1.0,0,0.75,1,1.0,0,0.5,2,1.0,0,1.0,0
311,2023-09-10,member,6690.0,0,74600.0,58930.0,G33,Nyarugenge,1.0,0,0.75,1,1.0,0,1.0,0,1.0,0,0.75,1,1.0,0,1.0,0,1.0,0,1.0,0,1.0,0,1.0,0
312,2023-03-22,member,7610.0,1,0.0,0.0,G33,Nyarugenge,1.0,0,1.0,0,1.0,0,1.0,0,0.75,1,1.0,0,1.0,0,1.0,0,0.75,1,1.0,0,1.0,0,0.75,1
313,2020-06-23,member,4710.0,3,0.0,0.0,G37,Gasabo,0.5,2,1.0,0,1.0,0,1.0,0,1.0,0,1.0,0,1.0,0,0.5,2,0.75,1,1.0,0,1.0,0,0.5,2
314,2023-09-12,member,6720.0,3,99190.0,24280.0,G12,Rwamagana,1.0,0,0.5,2,1.0,0,1.0,0,0.5,2,1.0,0,0.75,1,1.0,0,1.0,0,0.75,1,1.0,0,1.0,0
315,2024-09-03,member,5650.0,1,135380.0,88660.0,G03,Rwamagana,1.0,0,1.0,0,1.0,0,1.0,0,1.0,0,1.0,0,1.0,0,1.0,0,1.0,0,1.0,0,1.0,0,0.75,1
316,2024-01-12,member,1380.0,0,0.0,0.0,G01,Rwamagana,0.75,1,1.0,0,1.0,0,1.0,0,1.0,0,0.75,1,1.0,0,1.0,0,1.0,0,1.0,0,1.0,0,1.0,0
317,2023-04-06,member,5970.0,1,0.0,0.0,G33,Nyarugenge,1.0,0,1.0,0,1.0,0,0.75,1,1.0,0,0.75,1,0.75,1,1.0,0,1.0,0,1.0,0,1.0,0,1.0,0
318,2023-09-26,member,4930.0,1,132180.0,85820.0,G40,Rwamagana,1.0,0,1.0,0,0.75,1,1.0,0,1.0,0,1.0,0,1.0,0,1.0,0,1.0,0,1.0,0,1.0,0,0.75,1
319,2019-02-11,member,7920.0,2,244330.0,57070.0,G10,Musanze,1.0,0,0.75,1,1.0,0,1.0,0,0.75,1,0.75,1,1.0,0,0.25,3,1.0,0,1.0,0,0.75,1,1.0,0
320,2024-07-21,member,3070.0,1,0.0,0.0,G29,Gasabo,1.0,0,1.0,0,1.0,0,1.0,0,1.0,0,1.0,0,0.75,1,1.0,0,1.0,0,1.0,0,0.75,1,1.0,0
321,2024-12-11,member,9080.0,3,0.0,0.0,G13,Gasabo,1.0,0,0.75,1,0.75,1,1.0,0,1.0,0,1.0,0,0.75,1,1.0,0,1.0,0,0.75,1,0.5,2,0.5,2
322,2020-09-09,member,5300.0,1,0.0,0.0,G12,Rwamagana,0.75,1,1.0,0,1.0,0,1.0,0,1.0,0,1.0,0,1.0,0,1.0,0,1.0,0,0.75,1,1.0,0,1.0,0
323,2018-03-27,member,1180.0,3,0.0,0.0,G31,Gasabo,1.0,0,1.0,0,0.75,1,0.75,1,0.5,2,1.0,0,0.75,1,1.0,0,1.0,0,1.0,0,0.5,2,1.0,0
324,2017-02-27,member,5580.0,2,0.0,0.0,G02,Rubavu,1.0,0,1.0,0,0.75,1,0.75,1,1.0,0,1.0,0,1.0,0,1.0,0,0.5,2,1.0,0,1.0,0,1.0,0
325,2024-10-18,member,10390.0,2,533180.0,380010.0,G35,Rwamagana,1.0,0,1.0,0,0.75,1,1.0,0,1.0,0,0.75,1,1.0,0,0.75,1,1.0,0,1.0,0,1.0,0,1.0,0
326,2025-08-22,member,11330.0,1,0.0,0.0,G23,Huye,1.0,0,1.0,0,1.0,0,1.0,0,1.0,0,0.75,1,1.0,0,1.0,0,0.5,2,1.0,0,0.75,1,1.0,0
327,2022-10-16,member,3960.0,3,198730.0,133830.0,G17,Huye,0.25,3,1.0,0,1.0,0,1.0,0,1.0,0,1.0,0,0.75,1,0.5,2,0.75,1,1.0,0,0.75,1,1.0,0
328,2023-06-05,member,4640.0,0,0.0,0.0,G26,Nyarugenge,1.0,0,1.0,0,0.5,2,0.75,1,1.0,0,1.0,0,1.0,0,1.0,0,0.75,1,1.0,0,1.0,0,1.0,0
329,2020-08-15,member,3880.0,2,49880.0,20980.0,G08,Musanze,0.75,1,1.0,0,1.0,0,0.5,2,1.0,0,1.0,0,1.0,0,1.0,0,0.75,1,0.75,1,1.0,0,1.0,0
330,2023-10-25,member,2000.0,2,0.0,0.0,G29,Gasabo,0.75,1,1.0,0,1.0,0,0.75,1,1.0,0,1.0,0,1.0,0,1.0,0,1.0,0,0.75,1,1.0,0,1.0,0
331,2025-02-24,member,5840.0,0,0.0,0.0,G26,Nyarugenge,1.0,0,1.0,0,1.0,0,1.0,0,1.0,0,1.0,0,1.0,0,1.0,0,1.0,0,1.0,0,0.5,2,1.0,0
332,2020-04-03,member,7490.0,0,0.0,0.0,G10,Musanze,1.0,0,1.0,0,1.0,0,1.0,0,1.0,0,1.0,0,1.0,0,1.0,0,1.0,0,1.0,0,1.0,0,1.0,0
333,2023-07-25,member,5240.0,0,0.0,0.0,G26,Nyarugenge,1.0,0,1.0,0,1.0,0,1.0,0,1.0,0,1.0,0,1.0,0,1.0,0,1.0,0,1.0,0,1.0,0,1.0,0
334,2023-12-21,member,3670.0,0,0.0,0.0,G34,Gasabo,0.75,1,1.0,0,0.75,1,1.0,0,1.0,0,1.0,0,0.5,2,1.0,0,1.0,0,1.0,0,1.0,0,0.75,1
335,2016-03-03,member,6310.0,0,0.0,0.0,G07,Musanze,1.0,0,0.75,1,1.0,0,0.75,1,0.75,1,1.0,0,1.0,0,1.0,0,1.0,0,1.0,0,0.75,1,0.5,2
336,2022-01-28,member,11000.0,1,0.0,0.0,G04,Rubavu,1.0,0,1.0,0,0.75,1,1.0,0,0.75,1,1.0,0,1.0,0,1.0,0,1.0,0,0.75,1,1.0,0,1.0,0
337,2023-04-16,member,3900.0,2,0.0,0.0,G11,Gasabo,1.0,0,1.0,0,1.0,0,1.0,0,0.75,1,1.0,0,0.75,1,1.0,0,0.75,1,0.5,2,1.0,0,0.75,1
338,2024-06-04,member,1780.0,0,33010.0,580.0,G29,Gasabo,1.0,0,1.0,0,1.0,0,0.75,1,1.0,0,1.0,0,0.75,1,1.0,0,1.0,0,1.0,0,1.0,0,1.0,0
339,2019-09-08,member,7640.0,4,155380.0,12070.0,G36,Musanze,0.75,1,1.0,0,1.0,0,0.75,1,0.75,1,1.0,0,0.75,1,1.0,0,1.0,0,1.0,0,0.5,2,1.0,0
340,2022-09-23,member,10160.0,2,269210.0,113250.0,G25,Rubavu,0.75,1,1.0,0,0.75,1,1.0,0,0.75,1,0.75,1,1.0,0,0.5,2,0.75,1,1.0,0,1.0,0,0.75,1
341,2025-03-29,member,6840.0,0,296740.0,67060.0,G21,Rubavu,1.0,0,1.0,0,1.0,0,1.0,0,1.0,0,0.75,1,0.5,2,1.0,0,1.0,0,0.75,1,1.0,0,1.0,0
342,2022-02-23,member,7500.0,1,0.0,0.0,G36,Musanze,0.75,1,1.0,0,1.0,0,1.0,0,1.0,0,1.0,0,1.0,0,1.0,0,1.0,0,0.75,1,1.0,0,1.0,0
343,2023-03-16,member,8350.0,0,0.0,0.0,G10,Musanze,1.0,0,1.0,0,1.0,0,1.0,0,1.0,0,1.0,0,0.75,1,1.0,0,1.0,0,1.0,0,1.0,0,1.0,0
344,2025-12-31,member,10220.0,1,0.0,0.0,G37,Gasabo,0.75,1,0.5,2,1.0,0,1.0,0,1.0,0,0.75,1,1.0,0,1.0,0,1.0,0,1.0,0,1.0,0,1.0,0
345,2017-02-18,member,7790.0,2,0.0,0.0,G09,Rubavu,1.0,0,1.0,0,1.0,0,1.0,0,1.0,0,0.75,1,0.75,1,0.75,1,1.0,0,0.75,1,1.0,0,0.75,1
346,2024-09-05,member,7740.0,6,0.0,0.0,G24,Huye,0.75,1,0.75,1,0.75,1,1.0,0,0.25,3,0.75,1,0.75,1,1.0,0,0.5,2,1.0,0,1.0,0,0.5,2
347,2022-02-04,member,10110.0,0,0.0,0.0,G35,Rwamagana,1.0,0,1.0,0,1.0,0,1.0,0,1.0,0,0.75,1,1.0,0,1.0,0,1.0,0,1.0,0,1.0,0,0.75,1
348,2018-10-06,member,8710.0,0,119330.0,70700.0,G35,Rwamagana,1.0,0,0.75,1,1.0,0,1.0,0,0.75,1,1.0,0,1.0,0,1.0,0,1.0,0,1.0,0,1.0,0,1.0,0
349,2019-04-15,member,8630.0,2,171570.0,21150.0,G36,Musanze,0.75,1,1.0,0,0.75,1,1.0,0,1.0,0,1.0,0,1.0,0,1.0,0,1.0,0,0.75,1,0.75,1,1.0,0
350,2020-04-01,member,3830.0,1,0.0,0.0,G18,Nyarugenge,1.0,0,1.0,0,1.0,0,1.0,0,1.0,0,1.0,0,1.0,0,0.75,1,0.5,2,1.0,0,1.0,0,1.0,0
351,2023-06-29,member,10130.0,0,0.0,0.0,G39,Rwamagana,1.0,0,1.0,0,1.0,0,1.0,0,1.0,0,1.0,0,1.0,0,1.0,0,1.0,0,1.0,0,1.0,0,1.0,0
352,2021-11-29,member,3540.0,0,0.0,0.0,G32,Kicukiro,1.0,0,1.0,0,1.0,0,1.0,0,1.0,0,1.0,0,1.0,0,1.0,0,1.0,0,1.0,0,1.0,0,1.0,0
353,2025-04-25,member,7740.0,1,0.0,0.0,G24,Huye,1.0,0,1.0,0,1.0,0,1.0,0,1.0,0,0.75,1,0.75,1,1.0,0,1.0,0,1.0,0,0.5,2,0.5,2
354,2025-05-09,member,9710.0,2,0.0,0.0,G23,Huye,0.75,1,0.75,1,1.0,0,1.0,0,0.75,1,1.0,0,1.0,0,1.0,0,0.75,1,1.0,0,1.0,0,1.0,0
355,2022-04-28,member,3970.0,1,60590.0,11490.0,G32,Kicukiro,1.0,0,1.0,0,0.75,1,1.0,0,1.0,0,1.0,0,1.0,0,1.0,0,1.0,0,1.0,0,0.75,1,1.0,0
356,2021-08-20,member,8860.0,1,0.0,0.0,G37,Gasabo,1.0,0,1.0,0,1.0,0,1.0,0,0.75,1,1.0,0,0.75,1,0.75,1,1.0,0,1.0,0,0.75,1,1.0,0
357,2020-05-25,member,5020.0,2,0.0,0.0,G12,Rwamagana,1.0,0,1.0,0,1.0,0,0.5,2,0.75,1,0.75,1,1.0,0,1.0,0,1.0,0,1.0,0,0.75,1,1.0,0
358,2025-07-28,member,9470.0,0,0.0,0.0,G13,Gasabo,1.0,0,1.0,0,1.0,0,1.0,0,1.0,0,1.0,0,1.0,0,1.0,0,0.75,1,1.0,0,0.75,1,1.0,0
359,2023-11-24,member,11410.0,0,91040.0,57110.0,G23,Huye,0.75,1,1.0,0,1.0,0,1.0,0,1.0,0,1.0,0,1.0,0,1.0,0,1.0,0,1.0,0,1.0,0,1.0,0
360,2025-02-07,member,8130.0,0,178850.0,31380.0,G25,Rubavu,0.75,1,0.75,1,1.0,0,0.75,1,1.0,0,1.0,0,1.0,0,1.0,0,1.0,0,1.0,0,1.0,0,1.0,0
361,2022-11-01,member,6980.0,2,56100.0,11440.0,G35,Rwamagana,1.0,0,0.5,2,1.0,0,0.75,1,0.75,1,0.5,2,1.0,0,0.75,1,1.0,0,1.0,0,0.5,2,1.0,0
362,2020-06-19,member,5720.0,1,0.0,0.0,G30,Rwamagana,1.0,0,0.75,1,1.0,0,1.0,0,0.75,1,1.0,0,1.0,0,1.0,0,1.0,0,1.0,0,1.0,0,1.0,0
363,2023-11-06,member,3290.0,0,0.0,0.0,G17,Huye,1.0,0,1.0,0,0.75,1,1.0,0,1.0,0,1.0,0,1.0,0,1.0,0,1.0,0,1.0,0,1.0,0,0.75,1
364,2025-05-24,member,4930.0,3,0.0,0.0,G20,Huye,0.75,1,1.0,0,1.0,0,1.0,0,1.0,0,1.0,0,0.75,1,0.75,1,1.0,0,1.0,0,1.0,0,1.0,0
365,2026-04-03,member,8090.0,2,0.0,0.0,G25,Rubavu,1.0,0,1.0,0,1.0,0,0.75,1,0.75,1,0.5,2,1.0,0,1.0,0,1.0,0,0.75,1,1.0,0,1.0,0
366,2024-03-31,member,1550.0,0,25700.0,21470.0,G22,Nyarugenge,0.75,1,1.0,0,1.0,0,1.0,0,1.0,0,1.0,0,1.0,0,1.0,0,0.75,1,1.0,0,1.0,0,1.0,0
367,2025-02-24,member,8800.0,3,0.0,0.0,G13,Gasabo,0.75,1,1.0,0,1.0,0,1.0,0,0.75,1,1.0,0,0.75,1,1.0,0,1.0,0,1.0,0,1.0,0,0.75,1
368,2024-02-26,member,1450.0,0,0.0,0.0,G19,Nyarugenge,1.0,0,1.0,0,1.0,0,1.0,0,1.0,0,1.0,0,1.0,0,1.0,0,1.0,0,1.0,0,1.0,0,1.0,0
369,2021-04-10,member,9220.0,0,0.0,0.0,G36,Musanze,1.0,0,1.0,0,1.0,0,0.75,1,1.0,0,1.0,0,1.0,0,1.0,0,1.0,0,1.0,0,1.0,0,1.0,0
370,2025-09-13,member,8400.0,3,0.0,0.0,G12,Rwamagana,1.0,0,1.0,0,0.75,1,1.0,0,0.75,1,0.75,1,1.0,0,1.0,0,0.75,1,1.0,0,1.0,0,1.0,0
371,2020-06-06,member,1600.0,1,58460.0,32330.0,G19,Nyarugenge,1.0,0,1.0,0,0.75,1,1.0,0,1.0,0,1.0,0,1.0,0,1.0,0,0.75,1,0.75,1,0.75,1,1.0,0
372,2018-10-14,member,4850.0,8,0.0,0.0,G12,Rwamagana,0.75,1,0.5,2,0.75,1,1.0,0,1.0,0,0.75,1,0.5,2,1.0,0,1.0,0,0.75,1,1.0,0,0.75,1
373,2024-03-17,member,10290.0,2,0.0,0.0,G09,Rubavu,1.0,0,1.0,0,1.0,0,0.75,1,1.0,0,1.0,0,0.75,1,1.0,0,0.5,2,0.5,2,1.0,0,1.0,0
374,2019-09-16,member,7150.0,4,0.0,0.0,G07,Musanze,1.0,0,0.5,2,1.0,0,1.0,0,0.75,1,0.75,1,1.0,0,1.0,0,1.0,0,0.25,3,0.5,2,1.0,0
375,2023-03-10,member,6650.0,4,81090.0,31900.0,G28,Gasabo,0.75,1,0.75,1,0.5,2,1.0,0,0.75,1,0.5,2,0.75,1,0.75,1,1.0,0,1.0,0,1.0,0,1.0,0
376,2016-01-23,member,2660.0,3,0.0,0.0,G14,Nyarugenge,0.75,1,0.75,1,1.0,0,1.0,0,1.0,0,1.0,0,1.0,0,1.0,0,0.5,2,1.0,0,0.75,1,1.0,0
377,2022-09-04,member,970.0,1,0.0,0.0,G31,Gasabo,0.75,1,1.0,0,1.0,0,1.0,0,1.0,0,0.75,1,1.0,0,1.0,0,0.75,1,0.75,1,1.0,0,1.0,0
378,2021-02-10,member,1740.0,0,0.0,0.0,G19,Nyarugenge,1.0,0,1.0,0,1.0,0,1.0,0,1.0,0,1.0,0,1.0,0,1.0,0,1.0,0,1.0,0,0.75,1,1.0,0
379,2021-06-16,member,1430.0,2,0.0,0.0,G16,Musanze,1.0,0,1.0,0,1.0,0,1.0,0,1.0,0,1.0,0,1.0,0,1.0,0,1.0,0,0.75,1,1.0,0,0.75,1
380,2023-05-18,member,800.0,1,25560.0,4740.0,G05,Rubavu,1.0,0,1.0,0,1.0,0,1.0,0,1.0,0,1.0,0,0.75,1,0.5,2,1.0,0,1.0,0,1.0,0,1.0,0
381,2024-07-08,member,8480.0,0,0.0,0.0,G35,Rwamagana,0.75,1,1.0,0,1.0,0,1.0,0,0.75,1,1.0,0,1.0,0,0.75,1,0.75,1,1.0,0,1.0,0,1.0,0
382,2022-09-11,member,6440.0,3,306010.0,143790.0,G12,Rwamagana,1.0,0,0.5,2,1.0,0,0.5,2,1.0,0,1.0,0,1.0,0,0.75,1,1.0,0,0.25,3,0.5,2,0.75,1
383,2025-01-01,member,7650.0,0,0.0,0.0,G25,Rubavu,1.0,0,1.0,0,1.0,0,1.0,0,1.0,0,1.0,0,1.0,0,0.75,1,1.0,0,1.0,0,1.0,0,1.0,0
384,2023-04-11,member,7650.0,4,0.0,0.0,G21,Rubavu,1.0,0,0.75,1,1.0,0,1.0,0,1.0,0,0.75,1,0.5,2,0.75,1,0.0,4,0.5,2,1.0,0,0.5,2
385,2017-03-02,member,9250.0,1,0.0,0.0,G36,Musanze,1.0,0,1.0,0,1.0,0,0.75,1,1.0,0,1.0,0,0.5,2,1.0,0,0.75,1,0.75,1,1.0,0,1.0,0
386,2023-06-23,member,12660.0,0,0.0,0.0,G23,Huye,0.75,1,1.0,0,1.0,0,1.0,0,1.0,0,1.0,0,1.0,0,0.75,1,1.0,0,0.5,2,1.0,0,0.75,1
387,2018-04-13,member,1000.0,2,0.0,0.0,G16,Musanze,0.75,1,1.0,0,1.0,0,1.0,0,0.25,3,0.75,1,1.0,0,1.0,0,0.75,1,1.0,0,1.0,0,1.0,0
388,2025-12-09,member,8800.0,5,0.0,0.0,G39,Rwamagana,1.0,0,0.75,1,0.75,1,0.75,1,0.25,3,0.75,1,0.5,2,0.5,2,0.0,4,0.5,2,0.75,1,0.5,2
389,2023-08-20,member,8620.0,1,76880.0,260.0,G39,Rwamagana,1.0,0,1.0,0,1.0,0,1.0,0,1.0,0,1.0,0,1.0,0,0.75,1,1.0,0,0.75,1,1.0,0,1.0,0
390,2025-04-13,member,3480.0,6,0.0,0.0,G14,Nyarugenge,0.75,1,0.5,2,0.75,1,0.5,2,0.75,1,1.0,0,1.0,0,1.0,0,0.75,1,1.0,0,0.75,1,0.75,1
391,2017-08-12,member,730.0,2,0.0,0.0,G31,Gasabo,0.75,1,0.5,2,1.0,0,1.0,0,1.0,0,0.75,1,1.0,0,1.0,0,0.75,1,0.75,1,0.75,1,1.0,0
392,2025-02-21,member,1490.0,0,54960.0,1200.0,G05,Rubavu,1.0,0,1.0,0,1.0,0,1.0,0,1.0,0,1.0,0,1.0,0,1.0,0,1.0,0,1.0,0,1.0,0,1.0,0
393,2019-07-10,member,9400.0,2,0.0,0.0,G35,Rwamagana,1.0,0,1.0,0,0.75,1,1.0,0,1.0,0,1.0,0,0.75,1,1.0,0,1.0,0,0.75,1,0.75,1,1.0,0
394,2024-10-29,member,9070.0,1,0.0,0.0,G23,Huye,0.75,1,0.75,1,1.0,0,1.0,0,1.0,0,1.0,0,1.0,0,1.0,0,1.0,0,1.0,0,1.0,0,1.0,0
395,2023-01-31,member,2880.0,3,39770.0,18020.0,G29,Gasabo,0.75,1,0.75,1,0.75,1,1.0,0,1.0,0,1.0,0,1.0,0,0.75,1,0.75,1,1.0,0,0.75,1,1.0,0
396,2017-09-17,member,4170.0,3,121590.0,83400.0,G11,Gasabo,0.5,2,0.75,1,1.0,0,0.75,1,1.0,0,1.0,0,0.75,1,0.75,1,1.0,0,0.75,1,1.0,0,0.5,2
397,2020-08-15,member,4010.0,3,190790.0,179190.0,G18,Nyarugenge,1.0,0,1.0,0,1.0,0,1.0,0,1.0,0,1.0,0,0.75,1,1.0,0,0.75,1,1.0,0,0.75,1,1.0,0
398,2021-02-06,member,6330.0,4,198390.0,156530.0,G12,Rwamagana,1.0,0,0.5,2,1.0,0,1.0,0,1.0,0,1.0,0,1.0,0,1.0,0,1.0,0,0.75,1,0.5,2,1.0,0
399,2017-09-05,member,10240.0,2,0.0,0.0,G09,Rubavu,1.0,0,0.75,1,0.75,1,1.0,0,1.0,0,1.0,0,1.0,0,0.75,1,1.0,0,1.0,0,1.0,0,0.75,1
400,2025-08-24,member,7430.0,2,137280.0,50950.0,G10,Musanze,1.0,0,0.5,2,0.75,1,0.75,1,1.0,0,1.0,0,1.0,0,1.0,0,1.0,0,1.0,0,1.0,0,0.75,1
401,2021-01-16,member,3550.0,0,161270.0,60120.0,G17,Huye,1.0,0,1.0,0,1.0,0,1.0,0,1.0,0,1.0,0,1.0,0,1.0,0,1.0,0,1.0,0,1.0,0,1.0,0
402,2022-10-15,member,1700.0,5,0.0,0.0,G38,Gasabo,0.75,1,1.0,0,1.0,0,0.75,1,1.0,0,0.75,1,1.0,0,0.5,2,0.5,2,1.0,0,1.0,0,0.75,1
403,2019-03-31,member,6360.0,0,81370.0,40710.0,G07,Musanze,0.75,1,1.0,0,1.0,0,1.0,0,0.75,1,1.0,0,1.0,0,1.0,0,1.0,0,1.0,0,0.75,1,1.0,0
404,2025-11-02,member,9290.0,0,0.0,0.0,G13,Gasabo,1.0,0,1.0,0,0.75,1,1.0,0,0.75,1,1.0,0,0.75,1,1.0,0,0.75,1,1.0,0,1.0,0,1.0,0
405,2018-10-01,member,5300.0,1,0.0,0.0,G40,Rwamagana,0.75,1,1.0,0,1.0,0,1.0,0,1.0,0,1.0,0,1.0,0,1.0,0,1.0,0,1.0,0,0.75,1,1.0,0
406,2023-01-07,member,8030.0,6,0.0,0.0,G09,Rubavu,0.5,2,0.5,2,0.75,1,1.0,0,0.25,3,0.5,2,0.25,3,0.75,1,0.75,1,0.75,1,0.25,3,1.0,0
407,2024-07-10,member,2500.0,1,0.0,0.0,G27,Rubavu,1.0,0,1.0,0,1.0,0,0.75,1,1.0,0,1.0,0,1.0,0,1.0,0,1.0,0,1.0,0,1.0,0,1.0,0
408,2023-12-01,member,4560.0,7,0.0,0.0,G02,Rubavu,0.5,2,0.75,1,0.5,2,0.5,2,1.0,0,1.0,0,1.0,0,0.75,1,0.5,2,0.75,1,1.0,0,1.0,0
409,2023-04-26,member,1110.0,1,0.0,0.0,G05,Rubavu,0.75,1,1.0,0,1.0,0,0.75,1,1.0,0,1.0,0,1.0,0,1.0,0,1.0,0,1.0,0,1.0,0,1.0,0
410,2024-01-06,member,2460.0,0,0.0,0.0,G29,Gasabo,1.0,0,1.0,0,0.75,1,1.0,0,0.75,1,1.0,0,1.0,0,1.0,0,1.0,0,0.75,1,1.0,0,1.0,0
411,2019-10-07,member,11170.0,5,0.0,0.0,G37,Gasabo,1.0,0,0.75,1,0.75,1,0.75,1,0.25,3,0.75,1,0.75,1,0.5,2,0.75,1,0.75,1,0.5,2,0.75,1
412,2022-07-05,member,1660.0,3,0.0,0.0,G38,Gasabo,0.5,2,1.0,0,1.0,0,1.0,0,1.0,0,0.5,2,1.0,0,1.0,0,1.0,0,1.0,0,0.75,1,1.0,0
413,2023-07-04,member,1380.0,2,0.0,0.0,G19,Nyarugenge,0.75,1,1.0,0,1.0,0,1.0,0,1.0,0,1.0,0,1.0,0,1.0,0,1.0,0,1.0,0,0.75,1,0.5,2
414,2020-03-18,member,3940.0,2,0.0,0.0,G08,Musanze,0.75,1,1.0,0,1.0,0,1.0,0,0.75,1,1.0,0,0.25,3,1.0,0,0.75,1,0.75,1,1.0,0,0.75,1
415,2023-07-12,member,1080.0,3,0.0,0.0,G01,Rwamagana,1.0,0,0.75,1,1.0,0,1.0,0,1.0,0,0.5,2,1.0,0,1.0,0,0.5,2,0.75,1,1.0,0,0.75,1
416,2024-10-29,member,1680.0,1,142270.0,135010.0,G22,Nyarugenge,1.0,0,0.75,1,1.0,0,0.75,1,0.75,1,1.0,0,1.0,0,0.75,1,1.0,0,1.0,0,0.75,1,0.75,1
417,2024-08-27,member,2700.0,1,0.0,0.0,G17,Huye,1.0,0,1.0,0,1.0,0,1.0,0,1.0,0,1.0,0,1.0,0,0.75,1,1.0,0,0.5,2,1.0,0,0.75,1
418,2022-01-02,member,5440.0,2,0.0,0.0,G07,Musanze,1.0,0,1.0,0,0.75,1,1.0,0,0.75,1,1.0,0,1.0,0,1.0,0,1.0,0,0.75,1,1.0,0,1.0,0
419,2025-10-28,member,8180.0,0,70010.0,30230.0,G25,Rubavu,1.0,0,1.0,0,1.0,0,1.0,0,1.0,0,1.0,0,1.0,0,1.0,0,1.0,0,1.0,0,1.0,0,1.0,0
420,2025-09-12,member,10860.0,0,0.0,0.0,G04,Rubavu,1.0,0,1.0,0,1.0,0,1.0,0,1.0,0,1.0,0,1.0,0,1.0,0,1.0,0,1.0,0,1.0,0,1.0,0
421,2021-03-23,member,9350.0,1,0.0,0.0,G36,Musanze,0.75,1,0.75,1,1.0,0,1.0,0,1.0,0,0.75,1,0.75,1,1.0,0,1.0,0,1.0,0,0.75,1,0.75,1
422,2020-07-15,member,7970.0,4,0.0,0.0,G06,Musanze,0.0,4,1.0,0,0.75,1,0.75,1,1.0,0,0.75,1,0.75,1,0.5,2,1.0,0,1.0,0,1.0,0,0.75,1
423,2019-09-17,member,1090.0,4,0.0,0.0,G31,Gasabo,0.0,4,1.0,0,1.0,0,1.0,0,1.0,0,1.0,0,0.5,2,1.0,0,0.75,1,0.75,1,0.75,1,0.75,1
424,2025-12-18,member,1310.0,1,0.0,0.0,G19,Nyarugenge,0.75,1,1.0,0,1.0,0,0.5,2,1.0,0,1.0,0,0.75,1,1.0,0,1.0,0,1.0,0,1.0,0,1.0,0
425,2023-06-17,member,9980.0,4,188480.0,108710.0,G39,Rwamagana,0.75,1,1.0,0,0.75,1,0.75,1,1.0,0,1.0,0,1.0,0,1.0,0,0.75,1,0.75,1,1.0,0,1.0,0
426,2021-07-05,member,2450.0,1,0.0,0.0,G27,Rubavu,1.0,0,0.75,1,1.0,0,1.0,0,1.0,0,1.0,0,1.0,0,1.0,0,1.0,0,1.0,0,0.75,1,0.75,1
427,2025-06-02,member,9830.0,4,0.0,0.0,G10,Musanze,0.75,1,1.0,0,0.75,1,0.75,1,0.75,1,0.75,1,1.0,0,1.0,0,0.75,1,0.75,1,0.75,1,0.75,1
428,2023-03-02,member,5980.0,1,222430.0,73860.0,G26,Nyarugenge,1.0,0,1.0,0,1.0,0,0.75,1,1.0,0,1.0,0,1.0,0,0.75,1,0.75,1,0.75,1,1.0,0,0.75,1
429,2024-01-02,member,1530.0,0,35050.0,24750.0,G19,Nyarugenge,1.0,0,1.0,0,1.0,0,1.0,0,1.0,0,1.0,0,0.75,1,0.75,1,1.0,0,1.0,0,1.0,0,1.0,0
430,2023-12-12,member,9660.0,0,0.0,0.0,G39,Rwamagana,1.0,0,1.0,0,0.75,1,1.0,0,0.75,1,1.0,0,1.0,0,1.0,0,1.0,0,1.0,0,1.0,0,1.0,0
431,2023-09-13,member,5250.0,3,106010.0,4260.0,G03,Rwamagana,1.0,0,0.5,2,1.0,0,1.0,0,1.0,0,1.0,0,0.75,1,1.0,0,0.75,1,0.75,1,1.0,0,0.75,1
432,2024-12-16,member,8700.0,1,251830.0,236050.0,G13,Gasabo,1.0,0,1.0,0,1.0,0,1.0,0,0.75,1,1.0,0,1.0,0,1.0,0,0.75,1,1.0,0,1.0,0,1.0,0
433,2024-06-27,member,9730.0,3,0.0,0.0,G28,Gasabo,0.75,1,0.75,1,1.0,0,0.5,2,1.0,0,1.0,0,1.0,0,0.75,1,1.0,0,0.75,1,0.75,1,0.75,1
434,2022-08-06,member,4260.0,2,0.0,0.0,G20,Huye,0.75,1,1.0,0,1.0,0,1.0,0,1.0,0,1.0,0,0.75,1,1.0,0,1.0,0,1.0,0,0.75,1,1.0,0
435,2023-12-20,member,8940.0,2,0.0,0.0,G28,Gasabo,1.0,0,1.0,0,1.0,0,1.0,0,1.0,0,1.0,0,0.75,1,0.5,2,0.75,1,0.75,1,0.75,1,1.0,0
436,2021-11-23,member,2820.0,3,0.0,0.0,G08,Musanze,0.75,1,1.0,0,0.5,2,0.5,2,1.0,0,1.0,0,1.0,0,1.0,0,1.0,0,1.0,0,0.75,1,0.75,1
437,2023-02-06,member,10330.0,2,0.0,0.0,G39,Rwamagana,1.0,0,1.0,0,1.0,0,1.0,0,1.0,0,1.0,0,1.0,0,1.0,0,0.75,1,0.75,1,1.0,0,0.75,1
438,2023-08-24,member,1440.0,4,21940.0,4130.0,G01,Rwamagana,1.0,0,0.75,1,1.0,0,0.75,1,0.5,2,1.0,0,1.0,0,1.0,0,1.0,0,1.0,0,1.0,0,1.0,0
439,2025-05-22,member,4260.0,1,0.0,0.0,G03,Rwamagana,0.75,1,0.75,1,1.0,0,1.0,0,0.75,1,0.5,2,1.0,0,0.75,1,0.75,1,1.0,0,1.0,0,1.0,0
440,2024-05-24,member,10760.0,3,0.0,0.0,G13,Gasabo,0.75,1,0.75,1,0.75,1,0.75,1,1.0,0,1.0,0,1.0,0,0.75,1,1.0,0,1.0,0,1.0,0,0.5,2
441,2024-03-08,member,10310.0,0,0.0,0.0,G28,Gasabo,1.0,0,1.0,0,1.0,0,1.0,0,1.0,0,1.0,0,1.0,0,1.0,0,1.0,0,1.0,0,1.0,0,1.0,0
442,2019-08-04,member,9260.0,2,130520.0,1830.0,G25,Rubavu,1.0,0,1.0,0,0.75,1,0.75,1,0.75,1,0.75,1,1.0,0,1.0,0,1.0,0,0.75,1,1.0,0,1.0,0
443,2023-05-18,member,6040.0,0,93940.0,76580.0,G33,Nyarugenge,1.0,0,1.0,0,0.75,1,1.0,0,1.0,0,1.0,0,0.75,1,1.0,0,0.5,2,0.5,2,0.75,1,1.0,0
444,2023-12-27,member,1460.0,3,18840.0,1440.0,G38,Gasabo,0.75,1,0.75,1,1.0,0,0.5,2,0.75,1,1.0,0,0.75,1,1.0,0,0.75,1,1.0,0,0.75,1,1.0,0
445,2024-08-31,member,7520.0,1,185070.0,175190.0,G06,Musanze,0.5,2,1.0,0,0.5,2,1.0,0,1.0,0,1.0,0,1.0,0,0.75,1,1.0,0,1.0,0,1.0,0,0.75,1
446,2024-05-26,member,4490.0,1,0.0,0.0,G32,Kicukiro,1.0,0,1.0,0,1.0,0,1.0,0,1.0,0,0.75,1,1.0,0,0.75,1,1.0,0,1.0,0,1.0,0,1.0,0
447,2025-02-13,member,5450.0,0,0.0,0.0,G21,Rubavu,1.0,0,1.0,0,1.0,0,1.0,0,1.0,0,1.0,0,1.0,0,1.0,0,1.0,0,0.5,2,0.75,1,1.0,0
448,2022-08-20,member,1300.0,3,0.0,0.0,G16,Musanze,0.75,1,0.75,1,0.75,1,1.0,0,0.75,1,1.0,0,1.0,0,0.75,1,0.75,1,0.75,1,0.75,1,0.75,1
449,2016-06-20,member,7690.0,0,0.0,0.0,G21,Rubavu,1.0,0,1.0,0,1.0,0,1.0,0,1.0,0,1.0,0,1.0,0,1.0,0,1.0,0,1.0,0,1.0,0,1.0,0
450,2018-12-18,member,4060.0,2,83990.0,80490.0,G11,Gasabo,1.0,0,0.5,2,1.0,0,0.75,1,0.75,1,1.0,0,1.0,0,1.0,0,1.0,0,1.0,0,1.0,0,1.0,0
451,2021-06-12,member,7450.0,0,258170.0,220200.0,G37,Gasabo,1.0,0,1.0,0,0.5,2,1.0,0,1.0,0,1.0,0,1.0,0,1.0,0,1.0,0,1.0,0,1.0,0,1.0,0
452,2020-01-15,member,9950.0,1,0.0,0.0,G36,Musanze,1.0,0,0.75,1,0.75,1,1.0,0,1.0,0,0.5,2,0.75,1,1.0,0,1.0,0,1.0,0,0.75,1,1.0,0
453,2021-07-08,member,9690.0,0,0.0,0.0,G35,Rwamagana,1.0,0,1.0,0,1.0,0,1.0,0,1.0,0,0.75,1,1.0,0,1.0,0,1.0,0,1.0,0,1.0,0,1.0,0
454,2020-04-28,member,1770.0,0,18250.0,12900.0,G19,Nyarugenge,1.0,0,1.0,0,1.0,0,1.0,0,1.0,0,1.0,0,1.0,0,1.0,0,1.0,0,1.0,0,1.0,0,1.0,0
455,2020-12-02,member,4210.0,0,0.0,0.0,G20,Huye,1.0,0,1.0,0,1.0,0,1.0,0,1.0,0,1.0,0,1.0,0,1.0,0,1.0,0,1.0,0,1.0,0,1.0,0
456,2023-01-28,member,4210.0,4,0.0,0.0,G18,Nyarugenge,0.25,3,1.0,0,0.25,3,0.75,1,0.75,1,0.75,1,1.0,0,1.0,0,1.0,0,1.0,0,1.0,0,1.0,0
457,2023-05-24,member,2970.0,1,0.0,0.0,G14,Nyarugenge,1.0,0,0.75,1,1.0,0,0.75,1,1.0,0,1.0,0,0.75,1,0.75,1,1.0,0,0.75,1,1.0,0,0.75,1
458,2023-12-11,member,6520.0,2,89440.0,68060.0,G15,Musanze,1.0,0,1.0,0,1.0,0,0.75,1,1.0,0,1.0,0,1.0,0,0.75,1,0.75,1,1.0,0,1.0,0,1.0,0
459,2022-05-04,member,790.0,0,23930.0,440.0,G31,Gasabo,1.0,0,1.0,0,1.0,0,1.0,0,1.0,0,1.0,0,1.0,0,1.0,0,1.0,0,0.75,1,1.0,0,1.0,0
460,2025-09-17,member,1280.0,6,0.0,0.0,G01,Rwamagana,0.5,2,1.0,0,0.75,1,1.0,0,0.5,2,0.75,1,0.25,3,1.0,0,0.5,2,0.75,1,1.0,0,0.75,1
461,2022-12-26,member,4790.0,4,119170.0,106300.0,G03,Rwamagana,0.75,1,0.25,3,0.75,1,0.75,1,0.75,1,1.0,0,0.5,2,1.0,0,1.0,0,0.75,1,1.0,0,0.75,1
462,2023-07-22,member,1560.0,1,22560.0,3600.0,G16,Musanze,1.0,0,0.75,1,1.0,0,1.0,0,1.0,0,1.0,0,0.75,1,1.0,0,1.0,0,1.0,0,1.0,0,1.0,0
463,2025-06-14,member,7380.0,1,226370.0,84580.0,G23,Huye,1.0,0,1.0,0,0.75,1,1.0,0,1.0,0,1.0,0,1.0,0,1.0,0,1.0,0,1.0,0,1.0,0,1.0,0
464,2020-03-27,member,3490.0,3,52780.0,5960.0,G11,Gasabo,1.0,0,1.0,0,0.75,1,0.75,1,0.75,1,1.0,0,1.0,0,1.0,0,1.0,0,1.0,0,0.75,1,1.0,0
465,2020-03-02,member,5080.0,5,0.0,0.0,G12,Rwamagana,0.5,2,0.75,1,0.5,2,0.5,2,0.75,1,1.0,0,1.0,0,0.75,1,0.75,1,0.75,1,0.5,2,0.75,1
466,2018-05-18,member,8590.0,0,0.0,0.0,G10,Musanze,1.0,0,1.0,0,1.0,0,1.0,0,1.0,0,1.0,0,1.0,0,1.0,0,1.0,0,1.0,0,1.0,0,1.0,0
467,2024-09-16,member,5620.0,2,0.0,0.0,G32,Kicukiro,1.0,0,0.5,2,0.75,1,1.0,0,1.0,0,1.0,0,0.75,1,0.5,2,0.75,1,1.0,0,0.75,1,0.5,2
468,2017-01-11,member,1310.0,0,0.0,0.0,G16,Musanze,0.75,1,1.0,0,1.0,0,1.0,0,1.0,0,1.0,0,1.0,0,1.0,0,1.0,0,1.0,0,1.0,0,1.0,0
469,2024-06-03,member,4770.0,0,0.0,0.0,G08,Musanze,0.75,1,0.75,1,0.75,1,0.75,1,1.0,0,1.0,0,1.0,0,1.0,0,1.0,0,1.0,0,1.0,0,0.75,1
470,2025-07-31,member,1850.0,5,30770.0,18380.0,G38,Gasabo,0.75,1,0.75,1,0.75,1,1.0,0,1.0,0,0.75,1,1.0,0,0.5,2,0.75,1,0.75,1,0.5,2,0.75,1
471,2023-11-04,member,4970.0,3,0.0,0.0,G12,Rwamagana,1.0,0,0.75,1,0.75,1,0.75,1,1.0,0,1.0,0,1.0,0,1.0,0,1.0,0,0.5,2,0.75,1,1.0,0
472,2025-02-13,member,5920.0,4,152230.0,56730.0,G24,Huye,1.0,0,0.75,1,1.0,0,1.0,0,1.0,0,1.0,0,1.0,0,1.0,0,0.75,1,1.0,0,0.75,1,0.75,1
473,2026-02-26,member,7500.0,0,75310.0,67360.0,G28,Gasabo,1.0,0,1.0,0,1.0,0,1.0,0,1.0,0,1.0,0,1.0,0,1.0,0,1.0,0,1.0,0,1.0,0,1.0,0
474,2026-04-08,member,4480.0,0,0.0,0.0,G08,Musanze,1.0,0,1.0,0,1.0,0,0.5,2,1.0,0,1.0,0,1.0,0,1.0,0,1.0,0,1.0,0,1.0,0,1.0,0
475,2025-11-07,member,7100.0,0,0.0,0.0,G28,Gasabo,1.0,0,0.75,1,1.0,0,1.0,0,1.0,0,1.0,0,1.0,0,1.0,0,1.0,0,0.75,1,1.0,0,1.0,0
476,2020-05-09,member,9790.0,1,121080.0,31560.0,G36,Musanze,0.75,1,1.0,0,1.0,0,1.0,0,1.0,0,0.75,1,1.0,0,1.0,0,0.75,1,0.75,1,1.0,0,1.0,0
477,2024-07-19,member,6370.0,3,0.0,0.0,G26,Nyarugenge,1.0,0,1.0,0,1.0,0,0.25,3,0.5,2,0.5,2,1.0,0,1.0,0,0.5,2,0.75,1,1.0,0,1.0,0
478,2023-09-01,member,4740.0,1,0.0,0.0,G08,Musanze,0.75,1,1.0,0,1.0,0,1.0,0,0.75,1,1.0,0,1.0,0,0.5,2,1.0,0,0.5,2,0.75,1,1.0,0
479,2023-04-19,member,7970.0,1,0.0,0.0,G28,Gasabo,1.0,0,1.0,0,0.5,2,1.0,0,1.0,0,1.0,0,1.0,0,1.0,0,0.75,1,1.0,0,1.0,0,1.0,0
480,2025-10-28,member,6550.0,5,0.0,0.0,G28,Gasabo,0.75,1,1.0,0,0.75,1,0.75,1,1.0,0,0.5,2,0.75,1,0.75,1,0.75,1,0.75,1,0.5,2,0.75,1
481,2022-08-14,member,8670.0,2,0.0,0.0,G37,Gasabo,1.0,0,1.0,0,0.75,1,0.75,1,1.0,0,0.75,1,0.75,1,0.75,1,1.0,0,0.75,1,1.0,0,1.0,0
482,2022-05-05,member,8490.0,2,0.0,0.0,G36,Musanze,0.75,1,1.0,0,0.75,1,1.0,0,1.0,0,1.0,0,0.75,1,1.0,0,1.0,0,0.75,1,0.5,2,1.0,0
483,2026-04-15,member,2470.0,0,0.0,0.0,G27,Rubavu,1.0,0,1.0,0,1.0,0,1.0,0,1.0,0,1.0,0,1.0,0,0.75,1,1.0,0,1.0,0,0.5,2,1.0,0
484,2025-03-19,member,4210.0,0,0.0,0.0,G17,Huye,1.0,0,1.0,0,0.75,1,1.0,0,0.75,1,1.0,0,1.0,0,1.0,0,0.75,1,1.0,0,1.0,0,0.5,2
485,2019-02-14,member,12880.0,2,0.0,0.0,G09,Rubavu,0.75,1,1.0,0,1.0,0,1.0,0,1.0,0,0.75,1,1.0,0,0.75,1,1.0,0,1.0,0,0.75,1,1.0,0
486,2023-07-23,member,7070.0,0,0.0,0.0,G33,Nyarugenge,0.75,1,1.0,0,1.0,0,0.75,1,0.75,1,0.75,1,1.0,0,1.0,0,0.75,1,1.0,0,0.75,1,1.0,0
487,2024-04-24,member,3530.0,2,0.0,0.0,G20,Huye,0.5,2,1.0,0,1.0,0,1.0,0,1.0,0,1.0,0,0.75,1,0.5,2,1.0,0,0.75,1,0.75,1,1.0,0
488,2024-04-25,member,8840.0,1,315190.0,309380.0,G13,Gasabo,1.0,0,1.0,0,1.0,0,1.0,0,0.75,1,1.0,0,0.75,1,1.0,0,1.0,0,1.0,0,0.75,1,1.0,0
489,2025-11-01,member,8520.0,5,0.0,0.0,G28,Gasabo,1.0,0,0.75,1,1.0,0,0.75,1,0.75,1,0.0,4,0.5,2,0.75,1,0.75,1,0.75,1,0.5,2,0.75,1
490,2025-06-22,member,3220.0,0,0.0,0.0,G29,Gasabo,1.0,0,1.0,0,1.0,0,0.75,1,1.0,0,0.75,1,1.0,0,1.0,0,1.0,0,1.0,0,0.75,1,1.0,0
491,2024-05-21,member,9780.0,2,0.0,0.0,G13,Gasabo,1.0,0,0.75,1,1.0,0,1.0,0,1.0,0,1.0,0,0.75,1,1.0,0,1.0,0,0.75,1,1.0,0,1.0,0
492,2023-11-06,member,8300.0,0,0.0,0.0,G35,Rwamagana,1.0,0,1.0,0,1.0,0,1.0,0,0.25,3,0.25,3,0.75,1,1.0,0,1.0,0,1.0,0,1.0,0,0.75,1
493,2021-01-11,member,7410.0,3,0.0,0.0,G06,Musanze,1.0,0,1.0,0,1.0,0,1.0,0,0.75,1,0.25,3,0.75,1,1.0,0,1.0,0,1.0,0,0.5,2,1.0,0
494,2022-09-19,member,3840.0,2,0.0,0.0,G18,Nyarugenge,0.75,1,1.0,0,1.0,0,1.0,0,1.0,0,0.75,1,0.5,2,0.75,1,0.75,1,0.75,1,0.75,1,1.0,0
495,2023-01-31,member,1060.0,1,0.0,0.0,G05,Rubavu,1.0,0,0.75,1,1.0,0,1.0,0,0.75,1,0.75,1,1.0,0,1.0,0,0.75,1,1.0,0,1.0,0,0.75,1
496,2020-08-19,member,9210.0,2,119620.0,59070.0,G25,Rubavu,0.75,1,0.75,1,1.0,0,0.75,1,1.0,0,1.0,0,1.0,0,1.0,0,1.0,0,1.0,0,0.5,2,0.5,2
497,2024-02-26,member,6030.0,0,106640.0,35870.0,G02,Rubavu,1.0,0,1.0,0,1.0,0,0.75,1,1.0,0,1.0,0,1.0,0,0.75,1,1.0,0,1.0,0,1.0,0,1.0,0
498,2023-08-28,member,7960.0,0,0.0,0.0,G10,Musanze,1.0,0,1.0,0,1.0,0,1.0,0,1.0,0,1.0,0,1.0,0,0.75,1,1.0,0,1.0,0,0.5,2,1.0,0
499,2023-06-14,member,6590.0,5,0.0,0.0,G30,Rwamagana,0.75,1,0.75,1,0.0,4,0.5,2,0.5,2,0.5,2,0.75,1,0.5,2,0.75,1,0.75,1,0.5,2,0.5,2
500,2023-06-25,member,1050.0,1,0.0,0.0,G05,Rubavu,1.0,0,1.0,0,0.75,1,0.75,1,1.0,0,1.0,0,1.0,0,1.0,0,1.0,0,1.0,0,1.0,0,1.0,0
